Cement,Blast,Fly,Water,Superplasticizer,Coarse,Fine,Age
540.0,0.0,0.0,162.0,2.5,1040.0,676.0,28.0
540.0,0.0,0.0,162.0,2.5,1055.0,676.0,28.0
332.5,142.5,0.0,228.0,0.0,932.0,594.0,270.0
332.5,142.5,0.0,228.0,0.0,932.0,594.0,365.0
198.6000061035156,132.39999389648438,0.0,192.0,0.0,978.4000244140624,825.5,360.0
266.0,114.0,0.0,228.0,0.0,932.0,670.0,90.0
380.0,95.0,0.0,228.0,0.0,932.0,594.0,365.0
380.0,95.0,0.0,228.0,0.0,932.0,594.0,28.0
266.0,114.0,0.0,228.0,0.0,932.0,670.0,28.0
475.0,0.0,0.0,228.0,0.0,932.0,594.0,28.0
198.6000061035156,132.39999389648438,0.0,192.0,0.0,978.4000244140624,825.5,90.0
198.6000061035156,132.39999389648438,0.0,192.0,0.0,978.4000244140624,825.5,28.0
427.5,47.5,0.0,228.0,0.0,932.0,594.0,270.0
190.0,190.0,0.0,228.0,0.0,932.0,670.0,90.0
304.0,76.0,0.0,228.0,0.0,932.0,670.0,28.0
380.0,0.0,0.0,228.0,0.0,932.0,670.0,90.0
139.60000610351562,209.3999938964844,0.0,192.0,0.0,1047.0,806.9000244140625,90.0
342.0,38.0,0.0,228.0,0.0,932.0,670.0,365.0
380.0,95.0,0.0,228.0,0.0,932.0,594.0,90.0
475.0,0.0,0.0,228.0,0.0,932.0,594.0,180.0
427.5,47.5,0.0,228.0,0.0,932.0,594.0,180.0
139.60000610351562,209.3999938964844,0.0,192.0,0.0,1047.0,806.9000244140625,28.0
139.60000610351562,209.3999938964844,0.0,192.0,0.0,1047.0,806.9000244140625,3.0
139.60000610351562,209.3999938964844,0.0,192.0,0.0,1047.0,806.9000244140625,180.0
380.0,0.0,0.0,228.0,0.0,932.0,670.0,365.0
380.0,0.0,0.0,228.0,0.0,932.0,670.0,270.0
380.0,95.0,0.0,228.0,0.0,932.0,594.0,270.0
342.0,38.0,0.0,228.0,0.0,932.0,670.0,180.0
427.5,47.5,0.0,228.0,0.0,932.0,594.0,28.0
475.0,0.0,0.0,228.0,0.0,932.0,594.0,7.0
304.0,76.0,0.0,228.0,0.0,932.0,670.0,365.0
266.0,114.0,0.0,228.0,0.0,932.0,670.0,365.0
198.6000061035156,132.39999389648438,0.0,192.0,0.0,978.4000244140624,825.5,180.0
475.0,0.0,0.0,228.0,0.0,932.0,594.0,270.0
190.0,190.0,0.0,228.0,0.0,932.0,670.0,365.0
237.5,237.5,0.0,228.0,0.0,932.0,594.0,270.0
237.5,237.5,0.0,228.0,0.0,932.0,594.0,28.0
332.5,142.5,0.0,228.0,0.0,932.0,594.0,90.0
475.0,0.0,0.0,228.0,0.0,932.0,594.0,90.0
237.5,237.5,0.0,228.0,0.0,932.0,594.0,180.0
342.0,38.0,0.0,228.0,0.0,932.0,670.0,90.0
427.5,47.5,0.0,228.0,0.0,932.0,594.0,365.0
237.5,237.5,0.0,228.0,0.0,932.0,594.0,365.0
380.0,0.0,0.0,228.0,0.0,932.0,670.0,180.0
427.5,47.5,0.0,228.0,0.0,932.0,594.0,90.0
427.5,47.5,0.0,228.0,0.0,932.0,594.0,7.0
349.0,0.0,0.0,192.0,0.0,1047.0,806.9000244140625,3.0
380.0,95.0,0.0,228.0,0.0,932.0,594.0,180.0
237.5,237.5,0.0,228.0,0.0,932.0,594.0,7.0
380.0,95.0,0.0,228.0,0.0,932.0,594.0,7.0
332.5,142.5,0.0,228.0,0.0,932.0,594.0,180.0
190.0,190.0,0.0,228.0,0.0,932.0,670.0,180.0
237.5,237.5,0.0,228.0,0.0,932.0,594.0,90.0
304.0,76.0,0.0,228.0,0.0,932.0,670.0,90.0
139.60000610351562,209.3999938964844,0.0,192.0,0.0,1047.0,806.9000244140625,7.0
198.6000061035156,132.39999389648438,0.0,192.0,0.0,978.4000244140624,825.5,7.0
475.0,0.0,0.0,228.0,0.0,932.0,594.0,365.0
198.6000061035156,132.39999389648438,0.0,192.0,0.0,978.4000244140624,825.5,3.0
304.0,76.0,0.0,228.0,0.0,932.0,670.0,180.0
332.5,142.5,0.0,228.0,0.0,932.0,594.0,28.0
304.0,76.0,0.0,228.0,0.0,932.0,670.0,270.0
266.0,114.0,0.0,228.0,0.0,932.0,670.0,270.0
310.0,0.0,0.0,192.0,0.0,971.0,850.5999755859375,3.0
190.0,190.0,0.0,228.0,0.0,932.0,670.0,270.0
266.0,114.0,0.0,228.0,0.0,932.0,670.0,180.0
342.0,38.0,0.0,228.0,0.0,932.0,670.0,270.0
139.60000610351562,209.3999938964844,0.0,192.0,0.0,1047.0,806.9000244140625,360.0
332.5,142.5,0.0,228.0,0.0,932.0,594.0,7.0
190.0,190.0,0.0,228.0,0.0,932.0,670.0,28.0
485.0,0.0,0.0,146.0,0.0,1120.0,800.0,28.0
374.0,189.1999969482422,0.0,170.10000610351562,10.100000381469727,926.0999755859376,756.7000122070312,3.0
313.29998779296875,262.20001220703125,0.0,175.5,8.600000381469728,1046.9000244140623,611.7999877929688,3.0
425.0,106.3000030517578,0.0,153.5,16.5,852.0999755859375,887.0999755859375,3.0
425.0,106.3000030517578,0.0,151.39999389648438,18.600000381469727,936.0,803.7000122070312,3.0
375.0,93.8000030517578,0.0,126.5999984741211,23.399999618530273,852.0999755859375,992.5999755859376,3.0
475.0,118.8000030517578,0.0,181.1000061035156,8.899999618530273,852.0999755859375,781.5,3.0
469.0,117.1999969482422,0.0,137.80000305175778,32.200000762939446,852.0999755859375,840.5,3.0
425.0,106.3000030517578,0.0,153.5,16.5,852.0999755859375,887.0999755859375,3.0
388.6000061035156,97.0999984741211,0.0,157.89999389648438,12.100000381469727,852.0999755859375,925.7000122070312,3.0
531.2999877929689,0.0,0.0,141.8000030517578,28.20000076293945,852.0999755859375,893.7000122070312,3.0
425.0,106.3000030517578,0.0,153.5,16.5,852.0999755859375,887.0999755859375,3.0
318.79998779296875,212.5,0.0,155.6999969482422,14.300000190734865,852.0999755859375,880.4000244140625,3.0
401.7999877929688,94.6999969482422,0.0,147.39999389648438,11.399999618530273,946.7999877929688,852.0999755859375,3.0
362.6000061035156,189.0,0.0,164.89999389648438,11.600000381469727,944.7000122070312,755.7999877929688,3.0
323.70001220703125,282.79998779296875,0.0,183.8000030517578,10.300000190734863,942.7000122070312,659.9000244140625,3.0
379.5,151.1999969482422,0.0,153.89999389648438,15.899999618530273,1134.300048828125,605.0,3.0
362.6000061035156,189.0,0.0,164.89999389648438,11.600000381469727,944.7000122070312,755.7999877929688,3.0
286.29998779296875,200.8999938964844,0.0,144.6999969482422,11.199999809265137,1004.5999755859376,803.7000122070312,3.0
362.6000061035156,189.0,0.0,164.89999389648438,11.600000381469727,944.7000122070312,755.7999877929688,3.0
439.0,177.0,0.0,186.0,11.100000381469727,884.9000244140625,707.9000244140625,3.0
389.8999938964844,189.0,0.0,145.89999389648438,22.0,944.7000122070312,755.7999877929688,3.0
362.6000061035156,189.0,0.0,164.89999389648438,11.600000381469727,944.7000122070312,755.7999877929688,3.0
337.8999938964844,189.0,0.0,174.89999389648438,9.5,944.7000122070312,755.7999877929688,3.0
374.0,189.1999969482422,0.0,170.10000610351562,10.100000381469727,926.0999755859376,756.7000122070312,7.0
313.29998779296875,262.20001220703125,0.0,175.5,8.600000381469728,1046.9000244140623,611.7999877929688,7.0
425.0,106.3000030517578,0.0,153.5,16.5,852.0999755859375,887.0999755859375,7.0
425.0,106.3000030517578,0.0,151.39999389648438,18.600000381469727,936.0,803.7000122070312,7.0
375.0,93.8000030517578,0.0,126.5999984741211,23.399999618530273,852.0999755859375,992.5999755859376,7.0
475.0,118.8000030517578,0.0,181.1000061035156,8.899999618530273,852.0999755859375,781.5,7.0
469.0,117.1999969482422,0.0,137.80000305175778,32.200000762939446,852.0999755859375,840.5,7.0
425.0,106.3000030517578,0.0,153.5,16.5,852.0999755859375,887.0999755859375,7.0
388.6000061035156,97.0999984741211,0.0,157.89999389648438,12.100000381469727,852.0999755859375,925.7000122070312,7.0
531.2999877929689,0.0,0.0,141.8000030517578,28.20000076293945,852.0999755859375,893.7000122070312,7.0
425.0,106.3000030517578,0.0,153.5,16.5,852.0999755859375,887.0999755859375,7.0
318.79998779296875,212.5,0.0,155.6999969482422,14.300000190734865,852.0999755859375,880.4000244140625,7.0
401.7999877929688,94.6999969482422,0.0,147.39999389648438,11.399999618530273,946.7999877929688,852.0999755859375,7.0
362.6000061035156,189.0,0.0,164.89999389648438,11.600000381469727,944.7000122070312,755.7999877929688,7.0
323.70001220703125,282.79998779296875,0.0,183.8000030517578,10.300000190734863,942.7000122070312,659.9000244140625,7.0
379.5,151.1999969482422,0.0,153.89999389648438,15.899999618530273,1134.300048828125,605.0,7.0
362.6000061035156,189.0,0.0,164.89999389648438,11.600000381469727,944.7000122070312,755.7999877929688,7.0
286.29998779296875,200.8999938964844,0.0,144.6999969482422,11.199999809265137,1004.5999755859376,803.7000122070312,7.0
362.6000061035156,189.0,0.0,164.89999389648438,11.600000381469727,944.7000122070312,755.7999877929688,7.0
439.0,177.0,0.0,186.0,11.100000381469727,884.9000244140625,707.9000244140625,7.0
389.8999938964844,189.0,0.0,145.89999389648438,22.0,944.7000122070312,755.7999877929688,7.0
362.6000061035156,189.0,0.0,164.89999389648438,11.600000381469727,944.7000122070312,755.7999877929688,7.0
337.8999938964844,189.0,0.0,174.89999389648438,9.5,944.7000122070312,755.7999877929688,7.0
374.0,189.1999969482422,0.0,170.10000610351562,10.100000381469727,926.0999755859376,756.7000122070312,28.0
313.29998779296875,262.20001220703125,0.0,175.5,8.600000381469728,1046.9000244140623,611.7999877929688,28.0
425.0,106.3000030517578,0.0,153.5,16.5,852.0999755859375,887.0999755859375,28.0
425.0,106.3000030517578,0.0,151.39999389648438,18.600000381469727,936.0,803.7000122070312,28.0
375.0,93.8000030517578,0.0,126.5999984741211,23.399999618530273,852.0999755859375,992.5999755859376,28.0
475.0,118.8000030517578,0.0,181.1000061035156,8.899999618530273,852.0999755859375,781.5,28.0
469.0,117.1999969482422,0.0,137.80000305175778,32.200000762939446,852.0999755859375,840.5,28.0
425.0,106.3000030517578,0.0,153.5,16.5,852.0999755859375,887.0999755859375,28.0
388.6000061035156,97.0999984741211,0.0,157.89999389648438,12.100000381469727,852.0999755859375,925.7000122070312,28.0
531.2999877929689,0.0,0.0,141.8000030517578,28.20000076293945,852.0999755859375,893.7000122070312,28.0
425.0,106.3000030517578,0.0,153.5,16.5,852.0999755859375,887.0999755859375,28.0
318.79998779296875,212.5,0.0,155.6999969482422,14.300000190734865,852.0999755859375,880.4000244140625,28.0
401.7999877929688,94.6999969482422,0.0,147.39999389648438,11.399999618530273,946.7999877929688,852.0999755859375,28.0
362.6000061035156,189.0,0.0,164.89999389648438,11.600000381469727,944.7000122070312,755.7999877929688,28.0
323.70001220703125,282.79998779296875,0.0,183.8000030517578,10.300000190734863,942.7000122070312,659.9000244140625,28.0
379.5,151.1999969482422,0.0,153.89999389648438,15.899999618530273,1134.300048828125,605.0,28.0
362.6000061035156,189.0,0.0,164.89999389648438,11.600000381469727,944.7000122070312,755.7999877929688,28.0
286.29998779296875,200.8999938964844,0.0,144.6999969482422,11.199999809265137,1004.5999755859376,803.7000122070312,28.0
362.6000061035156,189.0,0.0,164.89999389648438,11.600000381469727,944.7000122070312,755.7999877929688,28.0
439.0,177.0,0.0,186.0,11.100000381469727,884.9000244140625,707.9000244140625,28.0
389.8999938964844,189.0,0.0,145.89999389648438,22.0,944.7000122070312,755.7999877929688,28.0
362.6000061035156,189.0,0.0,164.89999389648438,11.600000381469727,944.7000122070312,755.7999877929688,28.0
337.8999938964844,189.0,0.0,174.89999389648438,9.5,944.7000122070312,755.7999877929688,28.0
374.0,189.1999969482422,0.0,170.10000610351562,10.100000381469727,926.0999755859376,756.7000122070312,56.0
313.29998779296875,262.20001220703125,0.0,175.5,8.600000381469728,1046.9000244140623,611.7999877929688,56.0
425.0,106.3000030517578,0.0,153.5,16.5,852.0999755859375,887.0999755859375,56.0
425.0,106.3000030517578,0.0,151.39999389648438,18.600000381469727,936.0,803.7000122070312,56.0
375.0,93.8000030517578,0.0,126.5999984741211,23.399999618530273,852.0999755859375,992.5999755859376,56.0
475.0,118.8000030517578,0.0,181.1000061035156,8.899999618530273,852.0999755859375,781.5,56.0
469.0,117.1999969482422,0.0,137.80000305175778,32.200000762939446,852.0999755859375,840.5,56.0
425.0,106.3000030517578,0.0,153.5,16.5,852.0999755859375,887.0999755859375,56.0
388.6000061035156,97.0999984741211,0.0,157.89999389648438,12.100000381469727,852.0999755859375,925.7000122070312,56.0
531.2999877929689,0.0,0.0,141.8000030517578,28.20000076293945,852.0999755859375,893.7000122070312,56.0
425.0,106.3000030517578,0.0,153.5,16.5,852.0999755859375,887.0999755859375,56.0
318.79998779296875,212.5,0.0,155.6999969482422,14.300000190734865,852.0999755859375,880.4000244140625,56.0
401.7999877929688,94.6999969482422,0.0,147.39999389648438,11.399999618530273,946.7999877929688,852.0999755859375,56.0
362.6000061035156,189.0,0.0,164.89999389648438,11.600000381469727,944.7000122070312,755.7999877929688,56.0
323.70001220703125,282.79998779296875,0.0,183.8000030517578,10.300000190734863,942.7000122070312,659.9000244140625,56.0
379.5,151.1999969482422,0.0,153.89999389648438,15.899999618530273,1134.300048828125,605.0,56.0
362.6000061035156,189.0,0.0,164.89999389648438,11.600000381469727,944.7000122070312,755.7999877929688,56.0
286.29998779296875,200.8999938964844,0.0,144.6999969482422,11.199999809265137,1004.5999755859376,803.7000122070312,56.0
362.6000061035156,189.0,0.0,164.89999389648438,11.600000381469727,944.7000122070312,755.7999877929688,56.0
439.0,177.0,0.0,186.0,11.100000381469727,884.9000244140625,707.9000244140625,56.0
389.8999938964844,189.0,0.0,145.89999389648438,22.0,944.7000122070312,755.7999877929688,56.0
362.6000061035156,189.0,0.0,164.89999389648438,11.600000381469727,944.7000122070312,755.7999877929688,56.0
337.8999938964844,189.0,0.0,174.89999389648438,9.5,944.7000122070312,755.7999877929688,56.0
374.0,189.1999969482422,0.0,170.10000610351562,10.100000381469727,926.0999755859376,756.7000122070312,91.0
313.29998779296875,262.20001220703125,0.0,175.5,8.600000381469728,1046.9000244140623,611.7999877929688,91.0
425.0,106.3000030517578,0.0,153.5,16.5,852.0999755859375,887.0999755859375,91.0
425.0,106.3000030517578,0.0,151.39999389648438,18.600000381469727,936.0,803.7000122070312,91.0
375.0,93.8000030517578,0.0,126.5999984741211,23.399999618530273,852.0999755859375,992.5999755859376,91.0
475.0,118.8000030517578,0.0,181.1000061035156,8.899999618530273,852.0999755859375,781.5,91.0
469.0,117.1999969482422,0.0,137.80000305175778,32.200000762939446,852.0999755859375,840.5,91.0
425.0,106.3000030517578,0.0,153.5,16.5,852.0999755859375,887.0999755859375,91.0
388.6000061035156,97.0999984741211,0.0,157.89999389648438,12.100000381469727,852.0999755859375,925.7000122070312,91.0
531.2999877929689,0.0,0.0,141.8000030517578,28.20000076293945,852.0999755859375,893.7000122070312,91.0
425.0,106.3000030517578,0.0,153.5,16.5,852.0999755859375,887.0999755859375,91.0
318.79998779296875,212.5,0.0,155.6999969482422,14.300000190734865,852.0999755859375,880.4000244140625,91.0
401.7999877929688,94.6999969482422,0.0,147.39999389648438,11.399999618530273,946.7999877929688,852.0999755859375,91.0
362.6000061035156,189.0,0.0,164.89999389648438,11.600000381469727,944.7000122070312,755.7999877929688,91.0
379.5,151.1999969482422,0.0,153.89999389648438,15.899999618530273,1134.300048828125,605.0,91.0
362.6000061035156,189.0,0.0,164.89999389648438,11.600000381469727,944.7000122070312,755.7999877929688,91.0
286.29998779296875,200.8999938964844,0.0,144.6999969482422,11.199999809265137,1004.5999755859376,803.7000122070312,91.0
362.6000061035156,189.0,0.0,164.89999389648438,11.600000381469727,944.7000122070312,755.7999877929688,91.0
439.0,177.0,0.0,186.0,11.100000381469727,884.9000244140625,707.9000244140625,91.0
389.8999938964844,189.0,0.0,145.89999389648438,22.0,944.7000122070312,755.7999877929688,91.0
362.6000061035156,189.0,0.0,164.89999389648438,11.600000381469727,944.7000122070312,755.7999877929688,91.0
337.8999938964844,189.0,0.0,174.89999389648438,9.5,944.7000122070312,755.7999877929688,91.0
222.3600006103516,0.0,96.66999816894531,189.2899932861328,4.460000038146973,967.0800170898438,870.3200073242188,3.0
222.3600006103516,0.0,96.66999816894531,189.2899932861328,4.460000038146973,967.0800170898438,870.3200073242188,14.0
222.3600006103516,0.0,96.66999816894531,189.2899932861328,4.460000038146973,967.0800170898438,870.3200073242188,28.0
222.3600006103516,0.0,96.66999816894531,189.2899932861328,4.460000038146973,967.0800170898438,870.3200073242188,56.0
222.3600006103516,0.0,96.66999816894531,189.2899932861328,4.460000038146973,967.0800170898438,870.3200073242188,100.0
233.80999755859372,0.0,94.58000183105469,197.88999938964844,4.566999912261963,947.0399780273438,852.1599731445312,3.0
233.80999755859372,0.0,94.58000183105469,197.88999938964844,4.566999912261963,947.0399780273438,852.1599731445312,14.0
233.80999755859372,0.0,94.58000183105469,197.88999938964844,4.566999912261963,947.0399780273438,852.1599731445312,28.0
233.80999755859372,0.0,94.58000183105469,197.88999938964844,4.566999912261963,947.0399780273438,852.1599731445312,56.0
233.80999755859372,0.0,94.58000183105469,197.88999938964844,4.566999912261963,947.0399780273438,852.1599731445312,100.0
194.67999267578125,0.0,100.5199966430664,165.6199951171875,7.480000019073486,1006.4000244140624,905.9000244140624,3.0
194.67999267578125,0.0,100.5199966430664,165.6199951171875,7.480000019073486,1006.4000244140624,905.9000244140624,14.0
194.67999267578125,0.0,100.5199966430664,165.6199951171875,7.480000019073486,1006.4000244140624,905.9000244140624,28.0
194.67999267578125,0.0,100.5199966430664,165.6199951171875,7.480000019073486,1006.4000244140624,905.9000244140624,56.0
194.67999267578125,0.0,100.5199966430664,165.6199951171875,7.480000019073486,1006.4000244140624,905.9000244140624,100.0
190.67999267578125,0.0,125.4000015258789,162.13999938964844,7.769999980926514,1090.0,804.010009765625,3.0
190.67999267578125,0.0,125.4000015258789,162.13999938964844,7.769999980926514,1090.0,804.010009765625,14.0
190.67999267578125,0.0,125.4000015258789,162.13999938964844,7.769999980926514,1090.0,804.010009765625,28.0
190.67999267578125,0.0,125.4000015258789,162.13999938964844,7.769999980926514,1090.0,804.010009765625,56.0
190.67999267578125,0.0,125.4000015258789,162.13999938964844,7.769999980926514,1090.0,804.010009765625,100.0
212.07000732421875,0.0,121.62000274658205,180.30999755859372,5.690000057220459,1057.5999755859377,779.3200073242188,3.0
212.07000732421875,0.0,121.62000274658205,180.30999755859372,5.690000057220459,1057.5999755859377,779.3200073242188,14.0
212.07000732421875,0.0,121.62000274658205,180.30999755859372,5.690000057220459,1057.5999755859377,779.3200073242188,28.0
212.07000732421875,0.0,121.62000274658205,180.30999755859372,5.690000057220459,1057.5999755859377,779.3200073242188,56.0
212.07000732421875,0.0,121.62000274658205,180.30999755859372,5.690000057220459,1057.5999755859377,779.3200073242188,100.0
229.97000122070312,0.0,118.30999755859376,195.47000122070312,4.630000114440918,1029.4000244140623,758.5900268554688,3.0
229.97000122070312,0.0,118.30999755859376,195.47000122070312,4.630000114440918,1029.4000244140623,758.5900268554688,14.0
229.97000122070312,0.0,118.30999755859376,195.47000122070312,4.630000114440918,1029.4000244140623,758.5900268554688,28.0
229.97000122070312,0.0,118.30999755859376,195.47000122070312,4.630000114440918,1029.4000244140623,758.5900268554688,56.0
229.97000122070312,0.0,118.30999755859376,195.47000122070312,4.630000114440918,1029.4000244140623,758.5900268554688,100.0
190.33999633789062,0.0,125.18000030517578,161.85000610351562,9.880000114440918,1088.0999755859377,802.5900268554688,3.0
190.33999633789062,0.0,125.18000030517578,161.85000610351562,9.880000114440918,1088.0999755859377,802.5900268554688,14.0
190.33999633789062,0.0,125.18000030517578,161.85000610351562,9.880000114440918,1088.0999755859377,802.5900268554688,28.0
190.33999633789062,0.0,125.18000030517578,161.85000610351562,9.880000114440918,1088.0999755859377,802.5900268554688,56.0
190.33999633789062,0.0,125.18000030517578,161.85000610351562,9.880000114440918,1088.0999755859377,802.5900268554688,100.0
166.08999633789062,0.0,163.27000427246094,176.4600067138672,4.489999771118164,1058.5999755859377,780.0900268554688,3.0
166.08999633789062,0.0,163.27000427246094,176.4600067138672,4.489999771118164,1058.5999755859377,780.0900268554688,14.0
166.08999633789062,0.0,163.27000427246094,176.4600067138672,4.489999771118164,1058.5999755859377,780.0900268554688,28.0
166.08999633789062,0.0,163.27000427246094,176.4600067138672,4.489999771118164,1058.5999755859377,780.0900268554688,56.0
166.08999633789062,0.0,163.27000427246094,176.4600067138672,4.489999771118164,1058.5999755859377,780.0900268554688,100.0
167.9499969482422,42.08000183105469,163.8300018310547,121.75,5.71999979019165,1058.699951171875,780.1099853515625,3.0
167.9499969482422,42.08000183105469,163.8300018310547,121.75,5.71999979019165,1058.699951171875,780.1099853515625,14.0
167.9499969482422,42.08000183105469,163.8300018310547,121.75,5.71999979019165,1058.699951171875,780.1099853515625,28.0
167.9499969482422,42.08000183105469,163.8300018310547,121.75,5.71999979019165,1058.699951171875,780.1099853515625,56.0
167.9499969482422,42.08000183105469,163.8300018310547,121.75,5.71999979019165,1058.699951171875,780.1099853515625,100.0
213.72000122070312,98.0500030517578,24.51000022888184,181.7100067138672,6.860000133514403,1065.800048828125,785.3800048828125,3.0
213.72000122070312,98.0500030517578,24.51000022888184,181.7100067138672,6.860000133514403,1065.800048828125,785.3800048828125,14.0
213.72000122070312,98.0500030517578,24.51000022888184,181.7100067138672,6.860000133514403,1065.800048828125,785.3800048828125,28.0
213.72000122070312,98.0500030517578,24.51000022888184,181.7100067138672,6.860000133514403,1065.800048828125,785.3800048828125,56.0
213.72000122070312,98.0500030517578,24.51000022888184,181.7100067138672,6.860000133514403,1065.800048828125,785.3800048828125,100.0
213.75999450683597,98.05999755859376,24.520000457763672,181.7400054931641,6.6500000953674325,1066.0,785.52001953125,3.0
213.75999450683597,98.05999755859376,24.520000457763672,181.7400054931641,6.6500000953674325,1066.0,785.52001953125,14.0
213.75999450683597,98.05999755859376,24.520000457763672,181.7400054931641,6.6500000953674325,1066.0,785.52001953125,28.0
213.75999450683597,98.05999755859376,24.520000457763672,181.7400054931641,6.6500000953674325,1066.0,785.52001953125,56.0
213.75999450683597,98.05999755859376,24.520000457763672,181.7400054931641,6.6500000953674325,1066.0,785.52001953125,100.0
229.67999267578125,0.0,118.16000366210938,195.22999572753903,6.130000114440918,1028.0999755859377,757.6300048828125,3.0
229.67999267578125,0.0,118.16000366210938,195.22999572753903,6.130000114440918,1028.0999755859377,757.6300048828125,14.0
229.67999267578125,0.0,118.16000366210938,195.22999572753903,6.130000114440918,1028.0999755859377,757.6300048828125,28.0
229.67999267578125,0.0,118.16000366210938,195.22999572753903,6.130000114440918,1028.0999755859377,757.6300048828125,56.0
229.67999267578125,0.0,118.16000366210938,195.22999572753903,6.130000114440918,1028.0999755859377,757.6300048828125,100.0
238.0500030517578,0.0,94.11000061035156,186.66000366210938,7.0,949.9099731445312,847.010009765625,3.0
238.0500030517578,0.0,94.11000061035156,186.66000366210938,7.0,949.9099731445312,847.010009765625,14.0
238.0500030517578,0.0,94.11000061035156,186.66000366210938,7.0,949.9099731445312,847.010009765625,28.0
238.0500030517578,0.0,94.11000061035156,186.66000366210938,7.0,949.9099731445312,847.010009765625,56.0
238.0500030517578,0.0,94.11000061035156,186.66000366210938,7.0,949.9099731445312,847.010009765625,100.0
250.0,0.0,95.69000244140624,187.4199981689453,5.53000020980835,956.8599853515624,861.1699829101562,3.0
250.0,0.0,95.69000244140624,187.4199981689453,5.53000020980835,956.8599853515624,861.1699829101562,14.0
250.0,0.0,95.69000244140624,187.4199981689453,5.53000020980835,956.8599853515624,861.1699829101562,28.0
250.0,0.0,95.69000244140624,187.4199981689453,5.53000020980835,956.8599853515624,861.1699829101562,56.0
250.0,0.0,95.69000244140624,187.4199981689453,5.53000020980835,956.8599853515624,861.1699829101562,100.0
212.5200042724609,0.0,100.37000274658205,159.32000732421875,8.710000038146973,1007.7999877929688,903.5900268554688,3.0
212.5200042724609,0.0,100.37000274658205,159.32000732421875,8.710000038146973,1007.7999877929688,903.5900268554688,14.0
212.5200042724609,0.0,100.37000274658205,159.32000732421875,8.710000038146973,1007.7999877929688,903.5900268554688,28.0
212.5200042724609,0.0,100.37000274658205,159.32000732421875,8.710000038146973,1007.7999877929688,903.5900268554688,56.0
212.5200042724609,0.0,100.37000274658205,159.32000732421875,8.710000038146973,1007.7999877929688,903.5900268554688,100.0
212.57000732421875,0.0,100.38999938964844,159.35000610351562,10.369999885559082,1003.7999877929688,903.7899780273438,3.0
212.57000732421875,0.0,100.38999938964844,159.35000610351562,10.369999885559082,1003.7999877929688,903.7899780273438,14.0
212.57000732421875,0.0,100.38999938964844,159.35000610351562,10.369999885559082,1003.7999877929688,903.7899780273438,28.0
212.57000732421875,0.0,100.38999938964844,159.35000610351562,10.369999885559082,1003.7999877929688,903.7899780273438,56.0
212.57000732421875,0.0,100.38999938964844,159.35000610351562,10.369999885559082,1003.7999877929688,903.7899780273438,100.0
212.0,0.0,124.77999877929688,159.0,7.8400001525878915,1085.4000244140623,799.5399780273438,3.0
212.0,0.0,124.77999877929688,159.0,7.8400001525878915,1085.4000244140623,799.5399780273438,14.0
212.0,0.0,124.77999877929688,159.0,7.8400001525878915,1085.4000244140623,799.5399780273438,28.0
212.0,0.0,124.77999877929688,159.0,7.8400001525878915,1085.4000244140623,799.5399780273438,56.0
212.0,0.0,124.77999877929688,159.0,7.8400001525878915,1085.4000244140623,799.5399780273438,100.0
231.75,0.0,121.62000274658205,173.9600067138672,6.71999979019165,1056.4000244140623,778.4500122070312,3.0
231.75,0.0,121.62000274658205,173.9600067138672,6.71999979019165,1056.4000244140623,778.4500122070312,14.0
231.75,0.0,121.62000274658205,173.9600067138672,6.71999979019165,1056.4000244140623,778.4500122070312,28.0
231.75,0.0,121.62000274658205,173.9600067138672,6.71999979019165,1056.4000244140623,778.4500122070312,56.0
231.75,0.0,121.62000274658205,173.9600067138672,6.71999979019165,1056.4000244140623,778.4500122070312,100.0
251.3699951171875,0.0,118.2699966430664,188.4499969482422,5.75,1028.4000244140623,757.72998046875,3.0
251.3699951171875,0.0,118.2699966430664,188.4499969482422,5.75,1028.4000244140623,757.72998046875,14.0
251.3699951171875,0.0,118.2699966430664,188.4499969482422,5.75,1028.4000244140623,757.72998046875,28.0
251.3699951171875,0.0,118.2699966430664,188.4499969482422,5.75,1028.4000244140623,757.72998046875,56.0
251.3699951171875,0.0,118.2699966430664,188.4499969482422,5.75,1028.4000244140623,757.72998046875,100.0
251.3699951171875,0.0,118.2699966430664,188.4499969482422,6.3499999046325675,1028.4000244140623,757.72998046875,3.0
251.3699951171875,0.0,118.2699966430664,188.4499969482422,6.3499999046325675,1028.4000244140623,757.72998046875,14.0
251.3699951171875,0.0,118.2699966430664,188.4499969482422,6.3499999046325675,1028.4000244140623,757.72998046875,28.0
251.3699951171875,0.0,118.2699966430664,188.4499969482422,6.3499999046325675,1028.4000244140623,757.72998046875,56.0
251.3699951171875,0.0,118.2699966430664,188.4499969482422,6.3499999046325675,1028.4000244140623,757.72998046875,100.0
181.3800048828125,0.0,167.00999450683594,169.58999633789062,7.559999942779541,1055.5999755859377,777.7999877929688,3.0
181.3800048828125,0.0,167.00999450683594,169.58999633789062,7.559999942779541,1055.5999755859377,777.7999877929688,14.0
181.3800048828125,0.0,167.00999450683594,169.58999633789062,7.559999942779541,1055.5999755859377,777.7999877929688,28.0
181.3800048828125,0.0,167.00999450683594,169.58999633789062,7.559999942779541,1055.5999755859377,777.7999877929688,56.0
181.3800048828125,0.0,167.00999450683594,169.58999633789062,7.559999942779541,1055.5999755859377,777.7999877929688,100.0
182.0399932861328,45.209999084472656,121.97000122070312,170.2100067138672,8.189999580383299,1059.4000244140623,780.6500244140625,3.0
182.0399932861328,45.209999084472656,121.97000122070312,170.2100067138672,8.189999580383299,1059.4000244140623,780.6500244140625,14.0
182.0399932861328,45.209999084472656,121.97000122070312,170.2100067138672,8.189999580383299,1059.4000244140623,780.6500244140625,28.0
182.0399932861328,45.209999084472656,121.97000122070312,170.2100067138672,8.189999580383299,1059.4000244140623,780.6500244140625,56.0
182.0399932861328,45.209999084472656,121.97000122070312,170.2100067138672,8.189999580383299,1059.4000244140623,780.6500244140625,100.0
168.8800048828125,42.22000122070313,124.25,158.3300018310547,10.829999923706056,1080.800048828125,796.1500244140625,3.0
168.8800048828125,42.22000122070313,124.25,158.3300018310547,10.829999923706056,1080.800048828125,796.1500244140625,14.0
168.8800048828125,42.22000122070313,124.25,158.3300018310547,10.829999923706056,1080.800048828125,796.1500244140625,28.0
168.8800048828125,42.22000122070313,124.25,158.3300018310547,10.829999923706056,1080.800048828125,796.1500244140625,56.0
168.8800048828125,42.22000122070313,124.25,158.3300018310547,10.829999923706056,1080.800048828125,796.1500244140625,100.0
290.3500061035156,0.0,96.18000030517578,168.0800018310547,9.40999984741211,961.1799926757812,865.0,3.0
290.3500061035156,0.0,96.18000030517578,168.0800018310547,9.40999984741211,961.1799926757812,865.0,14.0
290.3500061035156,0.0,96.18000030517578,168.0800018310547,9.40999984741211,961.1799926757812,865.0,28.0
290.3500061035156,0.0,96.18000030517578,168.0800018310547,9.40999984741211,961.1799926757812,865.0,56.0
290.3500061035156,0.0,96.18000030517578,168.0800018310547,9.40999984741211,961.1799926757812,865.0,100.0
277.04998779296875,0.0,97.38999938964844,160.60000610351562,11.829999923706055,973.9000244140624,875.6099853515625,3.0
277.04998779296875,0.0,97.38999938964844,160.60000610351562,11.829999923706055,973.9000244140624,875.6099853515625,14.0
277.04998779296875,0.0,97.38999938964844,160.60000610351562,11.829999923706055,973.9000244140624,875.6099853515625,28.0
277.04998779296875,0.0,97.38999938964844,160.60000610351562,11.829999923706055,973.9000244140624,875.6099853515625,56.0
277.04998779296875,0.0,97.38999938964844,160.60000610351562,11.829999923706055,973.9000244140624,875.6099853515625,100.0
295.7099914550781,0.0,95.63999938964844,171.5399932861328,8.869999885559082,955.1400146484376,859.2000122070312,3.0
295.7099914550781,0.0,95.63999938964844,171.5399932861328,8.869999885559082,955.1400146484376,859.2000122070312,14.0
295.7099914550781,0.0,95.63999938964844,171.5399932861328,8.869999885559082,955.1400146484376,859.2000122070312,28.0
295.7099914550781,0.0,95.63999938964844,171.5399932861328,8.869999885559082,955.1400146484376,859.2000122070312,56.0
295.7099914550781,0.0,95.63999938964844,171.5399932861328,8.869999885559082,955.1400146484376,859.2000122070312,100.0
251.80999755859372,0.0,99.94000244140624,146.13999938964844,12.350000381469727,1006.0,899.760009765625,3.0
251.80999755859372,0.0,99.94000244140624,146.13999938964844,12.350000381469727,1006.0,899.760009765625,14.0
251.80999755859372,0.0,99.94000244140624,146.13999938964844,12.350000381469727,1006.0,899.760009765625,28.0
251.80999755859372,0.0,99.94000244140624,146.13999938964844,12.350000381469727,1006.0,899.760009765625,56.0
251.80999755859372,0.0,99.94000244140624,146.13999938964844,12.350000381469727,1006.0,899.760009765625,100.0
249.1000061035156,0.0,98.75,158.11000061035156,12.800000190734865,987.760009765625,889.010009765625,3.0
249.1000061035156,0.0,98.75,158.11000061035156,12.800000190734865,987.760009765625,889.010009765625,14.0
249.1000061035156,0.0,98.75,158.11000061035156,12.800000190734865,987.760009765625,889.010009765625,28.0
249.1000061035156,0.0,98.75,158.11000061035156,12.800000190734865,987.760009765625,889.010009765625,56.0
249.1000061035156,0.0,98.75,158.11000061035156,12.800000190734865,987.760009765625,889.010009765625,100.0
252.30999755859372,0.0,98.75,146.25,14.170000076293945,987.760009765625,889.010009765625,3.0
252.30999755859372,0.0,98.75,146.25,14.170000076293945,987.760009765625,889.010009765625,14.0
252.30999755859372,0.0,98.75,146.25,14.170000076293945,987.760009765625,889.010009765625,28.0
252.30999755859372,0.0,98.75,146.25,14.170000076293945,987.760009765625,889.010009765625,56.0
252.30999755859372,0.0,98.75,146.25,14.170000076293945,987.760009765625,889.010009765625,100.0
246.8300018310547,0.0,125.08000183105469,143.3000030517578,11.989999771118164,1086.800048828125,800.8900146484375,3.0
246.8300018310547,0.0,125.08000183105469,143.3000030517578,11.989999771118164,1086.800048828125,800.8900146484375,14.0
246.8300018310547,0.0,125.08000183105469,143.3000030517578,11.989999771118164,1086.800048828125,800.8900146484375,28.0
246.8300018310547,0.0,125.08000183105469,143.3000030517578,11.989999771118164,1086.800048828125,800.8900146484375,56.0
246.8300018310547,0.0,125.08000183105469,143.3000030517578,11.989999771118164,1086.800048828125,800.8900146484375,100.0
275.07000732421875,0.0,121.3499984741211,159.47999572753906,9.899999618530273,1053.5999755859377,777.5,3.0
275.07000732421875,0.0,121.3499984741211,159.47999572753906,9.899999618530273,1053.5999755859377,777.5,14.0
275.07000732421875,0.0,121.3499984741211,159.47999572753906,9.899999618530273,1053.5999755859377,777.5,28.0
275.07000732421875,0.0,121.3499984741211,159.47999572753906,9.899999618530273,1053.5999755859377,777.5,56.0
275.07000732421875,0.0,121.3499984741211,159.47999572753906,9.899999618530273,1053.5999755859377,777.5,100.0
297.1600036621094,0.0,117.54000091552734,174.8000030517578,9.520000457763672,1022.7999877929688,753.4500122070312,3.0
297.1600036621094,0.0,117.54000091552734,174.8000030517578,9.520000457763672,1022.7999877929688,753.4500122070312,14.0
297.1600036621094,0.0,117.54000091552734,174.8000030517578,9.520000457763672,1022.7999877929688,753.4500122070312,28.0
297.1600036621094,0.0,117.54000091552734,174.8000030517578,9.520000457763672,1022.7999877929688,753.4500122070312,56.0
297.1600036621094,0.0,117.54000091552734,174.8000030517578,9.520000457763672,1022.7999877929688,753.4500122070312,100.0
213.7400054931641,0.0,174.74000549316406,154.7899932861328,10.15999984741211,1053.5,776.3499755859375,3.0
213.7400054931641,0.0,174.74000549316406,154.7899932861328,10.15999984741211,1053.5,776.3499755859375,14.0
213.7400054931641,0.0,174.74000549316406,154.7899932861328,10.15999984741211,1053.5,776.3499755859375,28.0
213.7400054931641,0.0,174.74000549316406,154.7899932861328,10.15999984741211,1053.5,776.3499755859375,56.0
213.7400054931641,0.0,174.74000549316406,154.7899932861328,10.15999984741211,1053.5,776.3499755859375,100.0
213.5,0.0,174.24000549316406,154.61000061035156,11.65999984741211,1052.300048828125,775.47998046875,3.0
213.5,0.0,174.24000549316406,154.61000061035156,11.65999984741211,1052.300048828125,775.47998046875,14.0
213.5,0.0,174.24000549316406,154.61000061035156,11.65999984741211,1052.300048828125,775.47998046875,28.0
213.5,0.0,174.24000549316406,154.61000061035156,11.65999984741211,1052.300048828125,775.47998046875,56.0
213.5,0.0,174.24000549316406,154.61000061035156,11.65999984741211,1052.300048828125,775.47998046875,100.0
277.19000244140625,97.81999969482422,24.459999084472656,160.6999969482422,11.1899995803833,1061.699951171875,782.4600219726562,3.0
277.19000244140625,97.81999969482422,24.459999084472656,160.6999969482422,11.1899995803833,1061.699951171875,782.4600219726562,14.0
277.19000244140625,97.81999969482422,24.459999084472656,160.6999969482422,11.1899995803833,1061.699951171875,782.4600219726562,28.0
277.19000244140625,97.81999969482422,24.459999084472656,160.6999969482422,11.1899995803833,1061.699951171875,782.4600219726562,56.0
277.19000244140625,97.81999969482422,24.459999084472656,160.6999969482422,11.1899995803833,1061.699951171875,782.4600219726562,100.0
218.22999572753903,54.63999938964844,123.77999877929688,140.75,11.90999984741211,1075.699951171875,792.6699829101562,3.0
218.22999572753903,54.63999938964844,123.77999877929688,140.75,11.90999984741211,1075.699951171875,792.6699829101562,14.0
218.22999572753903,54.63999938964844,123.77999877929688,140.75,11.90999984741211,1075.699951171875,792.6699829101562,28.0
218.22999572753903,54.63999938964844,123.77999877929688,140.75,11.90999984741211,1075.699951171875,792.6699829101562,56.0
218.22999572753903,54.63999938964844,123.77999877929688,140.75,11.90999984741211,1075.699951171875,792.6699829101562,100.0
214.8999938964844,53.79999923706055,121.88999938964844,155.6300048828125,9.609999656677246,1014.2999877929688,780.5800170898438,3.0
214.8999938964844,53.79999923706055,121.88999938964844,155.6300048828125,9.609999656677246,1014.2999877929688,780.5800170898438,14.0
214.8999938964844,53.79999923706055,121.88999938964844,155.6300048828125,9.609999656677246,1014.2999877929688,780.5800170898438,28.0
214.8999938964844,53.79999923706055,121.88999938964844,155.6300048828125,9.609999656677246,1014.2999877929688,780.5800170898438,56.0
214.8999938964844,53.79999923706055,121.88999938964844,155.6300048828125,9.609999656677246,1014.2999877929688,780.5800170898438,100.0
218.8500061035156,0.0,124.12999725341795,158.49000549316406,11.329999923706055,1078.699951171875,794.9099731445312,3.0
218.8500061035156,0.0,124.12999725341795,158.49000549316406,11.329999923706055,1078.699951171875,794.9099731445312,14.0
218.8500061035156,0.0,124.12999725341795,158.49000549316406,11.329999923706055,1078.699951171875,794.9099731445312,28.0
218.8500061035156,0.0,124.12999725341795,158.49000549316406,11.329999923706055,1078.699951171875,794.9099731445312,56.0
218.8500061035156,0.0,124.12999725341795,158.49000549316406,11.329999923706055,1078.699951171875,794.9099731445312,100.0
376.0,0.0,0.0,214.6000061035156,0.0,1003.5,762.3599853515625,3.0
376.0,0.0,0.0,214.6000061035156,0.0,1003.5,762.3599853515625,14.0
376.0,0.0,0.0,214.6000061035156,0.0,1003.5,762.3599853515625,28.0
376.0,0.0,0.0,214.6000061035156,0.0,1003.5,762.3599853515625,56.0
376.0,0.0,0.0,214.6000061035156,0.0,1003.5,762.3599853515625,100.0
500.0,0.0,0.0,140.0,4.0,966.0,853.0,28.0
475.0,0.0,59.0,142.0,1.8999999761581419,1098.0,641.0,28.0
315.0,137.0,0.0,145.0,5.9000000953674325,1130.0,745.0,28.0
505.0,0.0,60.0,195.0,0.0,1030.0,630.0,28.0
451.0,0.0,0.0,165.0,11.25,1030.0,745.0,28.0
516.0,0.0,0.0,162.0,8.199999809265138,801.0,802.0,28.0
520.0,0.0,0.0,170.0,5.199999809265137,855.0,855.0,28.0
528.0,0.0,0.0,185.0,6.860000133514403,920.0,720.0,28.0
520.0,0.0,0.0,175.0,5.199999809265137,870.0,805.0,28.0
385.0,0.0,136.0,158.0,20.0,903.0,768.0,28.0
500.1000061035156,0.0,0.0,200.0,3.0,1124.4000244140623,613.2000122070312,28.0
450.1000061035156,50.0,0.0,200.0,3.0,1124.4000244140623,613.2000122070312,28.0
397.0,17.200000762939453,158.0,167.0,20.799999237060547,967.0,633.0,28.0
333.0,17.5,163.0,167.0,17.899999618530273,996.0,652.0,28.0
334.0,17.600000381469727,158.0,189.0,15.300000190734865,967.0,633.0,28.0
405.0,0.0,0.0,175.0,0.0,1120.0,695.0,28.0
200.0,200.0,0.0,190.0,0.0,1145.0,660.0,28.0
516.0,0.0,0.0,162.0,8.260000228881836,801.0,802.0,28.0
145.0,116.0,119.0,184.0,5.699999809265138,833.0,880.0,28.0
160.0,128.0,122.0,182.0,6.4000000953674325,824.0,879.0,28.0
234.0,156.0,0.0,189.0,5.8499999046325675,981.0,760.0,28.0
250.0,180.0,95.0,159.0,9.449999809265137,860.0,800.0,28.0
475.0,0.0,0.0,162.0,9.5,1044.0,662.0,28.0
285.0,190.0,0.0,163.0,7.5999999046325675,1031.0,685.0,28.0
356.0,119.0,0.0,160.0,9.029999732971193,1061.0,657.0,28.0
275.0,180.0,120.0,162.0,10.350000381469727,830.0,765.0,28.0
500.0,0.0,0.0,151.0,9.0,1033.0,655.0,28.0
165.0,0.019999999552965164,143.57000732421875,163.80999755859375,0.0,1005.5999755859376,900.9000244140624,3.0
165.0,128.5,132.10000610351562,175.05999755859375,8.079999923706055,1005.7999877929688,746.5999755859375,3.0
178.02999877929688,129.80000305175778,118.5999984741211,179.94000244140625,3.5699999332427983,1007.2999877929688,746.7999877929688,3.0
167.35000610351562,129.89999389648438,128.6199951171875,175.4600067138672,7.789999961853027,1006.2999877929688,746.5999755859375,3.0
172.3800048828125,13.609999656677244,172.3699951171875,156.75999450683594,4.139999866485597,1006.2999877929688,856.4000244140625,3.0
173.5399932861328,50.04999923706055,173.52999877929688,164.77000427246094,6.46999979019165,1006.2000122070312,793.5,3.0
167.0,75.4000015258789,167.0,164.02999877929688,7.9099998474121085,1007.2999877929688,770.0999755859375,3.0
173.80999755859375,93.37000274658205,159.89999389648438,172.33999633789062,9.729999542236328,1007.2000122070312,746.5999755859375,3.0
190.33999633789062,0.0,125.18000030517578,166.61000061035156,9.880000114440918,1079.0,798.9000244140625,3.0
250.0,0.0,95.69000244140624,191.83999633789062,5.329999923706055,948.9000244140624,857.2000122070312,3.0
213.5,0.0,174.24000549316406,159.2100067138672,11.65999984741211,1043.5999755859377,771.9000244140625,3.0
194.67999267578125,0.0,100.5199966430664,170.1699981689453,7.480000019073486,998.0,901.7999877929688,3.0
251.3699951171875,0.0,118.2699966430664,192.94000244140625,5.75,1043.5999755859377,754.2999877929688,3.0
165.0,0.019999999552965164,143.57000732421875,163.80999755859375,0.0,1005.5999755859376,900.9000244140624,14.0
165.0,128.5,132.10000610351562,175.05999755859375,8.079999923706055,1005.7999877929688,746.5999755859375,14.0
178.02999877929688,129.80000305175778,118.5999984741211,179.94000244140625,3.5699999332427983,1007.2999877929688,746.7999877929688,14.0
167.35000610351562,129.89999389648438,128.6199951171875,175.4600067138672,7.789999961853027,1006.2999877929688,746.5999755859375,14.0
172.3800048828125,13.609999656677244,172.3699951171875,156.75999450683594,4.139999866485597,1006.2999877929688,856.4000244140625,14.0
173.5399932861328,50.04999923706055,173.52999877929688,164.77000427246094,6.46999979019165,1006.2000122070312,793.5,14.0
167.0,75.4000015258789,167.0,164.02999877929688,7.9099998474121085,1007.2999877929688,770.0999755859375,14.0
173.80999755859375,93.37000274658205,159.89999389648438,172.33999633789062,9.729999542236328,1007.2000122070312,746.5999755859375,14.0
190.33999633789062,0.0,125.18000030517578,166.61000061035156,9.880000114440918,1079.0,798.9000244140625,14.0
250.0,0.0,95.69000244140624,191.83999633789062,5.329999923706055,948.9000244140624,857.2000122070312,14.0
213.5,0.0,174.24000549316406,159.2100067138672,11.65999984741211,1043.5999755859377,771.9000244140625,14.0
194.67999267578125,0.0,100.5199966430664,170.1699981689453,7.480000019073486,998.0,901.7999877929688,14.0
251.3699951171875,0.0,118.2699966430664,192.94000244140625,5.75,1043.5999755859377,754.2999877929688,14.0
165.0,0.019999999552965164,143.57000732421875,163.80999755859375,0.0,1005.5999755859376,900.9000244140624,28.0
165.0,128.5,132.10000610351562,175.05999755859375,8.079999923706055,1005.7999877929688,746.5999755859375,28.0
178.02999877929688,129.80000305175778,118.5999984741211,179.94000244140625,3.5699999332427983,1007.2999877929688,746.7999877929688,28.0
167.35000610351562,129.89999389648438,128.6199951171875,175.4600067138672,7.789999961853027,1006.2999877929688,746.5999755859375,28.0
172.3800048828125,13.609999656677244,172.3699951171875,156.75999450683594,4.139999866485597,1006.2999877929688,856.4000244140625,28.0
173.5399932861328,50.04999923706055,173.52999877929688,164.77000427246094,6.46999979019165,1006.2000122070312,793.5,28.0
167.0,75.4000015258789,167.0,164.02999877929688,7.9099998474121085,1007.2999877929688,770.0999755859375,28.0
173.80999755859375,93.37000274658205,159.89999389648438,172.33999633789062,9.729999542236328,1007.2000122070312,746.5999755859375,28.0
190.33999633789062,0.0,125.18000030517578,166.61000061035156,9.880000114440918,1079.0,798.9000244140625,28.0
250.0,0.0,95.69000244140624,191.83999633789062,5.329999923706055,948.9000244140624,857.2000122070312,28.0
213.5,0.0,174.24000549316406,159.2100067138672,11.65999984741211,1043.5999755859377,771.9000244140625,28.0
194.67999267578125,0.0,100.5199966430664,170.1699981689453,7.480000019073486,998.0,901.7999877929688,28.0
251.3699951171875,0.0,118.2699966430664,192.94000244140625,5.75,1043.5999755859377,754.2999877929688,28.0
165.0,0.019999999552965164,143.57000732421875,163.80999755859375,0.0,1005.5999755859376,900.9000244140624,56.0
165.0,128.5,132.10000610351562,175.05999755859375,8.079999923706055,1005.7999877929688,746.5999755859375,56.0
178.02999877929688,129.80000305175778,118.5999984741211,179.94000244140625,3.5699999332427983,1007.2999877929688,746.7999877929688,56.0
167.35000610351562,129.89999389648438,128.6199951171875,175.4600067138672,7.789999961853027,1006.2999877929688,746.5999755859375,56.0
172.3800048828125,13.609999656677244,172.3699951171875,156.75999450683594,4.139999866485597,1006.2999877929688,856.4000244140625,56.0
173.5399932861328,50.04999923706055,173.52999877929688,164.77000427246094,6.46999979019165,1006.2000122070312,793.5,56.0
167.0,75.4000015258789,167.0,164.02999877929688,7.9099998474121085,1007.2999877929688,770.0999755859375,56.0
173.80999755859375,93.37000274658205,159.89999389648438,172.33999633789062,9.729999542236328,1007.2000122070312,746.5999755859375,56.0
190.33999633789062,0.0,125.18000030517578,166.61000061035156,9.880000114440918,1079.0,798.9000244140625,56.0
250.0,0.0,95.69000244140624,191.83999633789062,5.329999923706055,948.9000244140624,857.2000122070312,56.0
213.5,0.0,174.24000549316406,159.2100067138672,11.65999984741211,1043.5999755859377,771.9000244140625,56.0
194.67999267578125,0.0,100.5199966430664,170.1699981689453,7.480000019073486,998.0,901.7999877929688,56.0
251.3699951171875,0.0,118.2699966430664,192.94000244140625,5.75,1043.5999755859377,754.2999877929688,56.0
165.0,0.019999999552965164,143.57000732421875,163.80999755859375,0.0,1005.5999755859376,900.9000244140624,100.0
165.0,128.5,132.10000610351562,175.05999755859375,8.079999923706055,1005.7999877929688,746.5999755859375,100.0
178.02999877929688,129.80000305175778,118.5999984741211,179.94000244140625,3.5699999332427983,1007.2999877929688,746.7999877929688,100.0
167.35000610351562,129.89999389648438,128.6199951171875,175.4600067138672,7.789999961853027,1006.2999877929688,746.5999755859375,100.0
172.3800048828125,13.609999656677244,172.3699951171875,156.75999450683594,4.139999866485597,1006.2999877929688,856.4000244140625,100.0
173.5399932861328,50.04999923706055,173.52999877929688,164.77000427246094,6.46999979019165,1006.2000122070312,793.5,100.0
167.0,75.4000015258789,167.0,164.02999877929688,7.9099998474121085,1007.2999877929688,770.0999755859375,100.0
173.80999755859375,93.37000274658205,159.89999389648438,172.33999633789062,9.729999542236328,1007.2000122070312,746.5999755859375,100.0
190.33999633789062,0.0,125.18000030517578,166.61000061035156,9.880000114440918,1079.0,798.9000244140625,100.0
250.0,0.0,95.69000244140624,191.83999633789062,5.329999923706055,948.9000244140624,857.2000122070312,100.0
213.5,0.0,174.24000549316406,159.2100067138672,11.65999984741211,1043.5999755859377,771.9000244140625,100.0
194.67999267578125,0.0,100.5199966430664,170.1699981689453,7.480000019073486,998.0,901.7999877929688,100.0
251.3699951171875,0.0,118.2699966430664,192.94000244140625,5.75,1043.5999755859377,754.2999877929688,100.0
446.0,24.0,79.0,162.0,11.609999656677244,967.0,712.0,28.0
446.0,24.0,79.0,162.0,11.640000343322756,967.0,712.0,28.0
446.0,24.0,79.0,162.0,11.640000343322756,967.0,712.0,28.0
446.0,24.0,79.0,162.0,10.300000190734863,967.0,712.0,28.0
446.0,24.0,79.0,162.0,11.609999656677244,967.0,712.0,3.0
446.0,24.0,79.0,162.0,11.640000343322756,967.0,712.0,3.0
446.0,24.0,79.0,162.0,11.640000343322756,967.0,712.0,3.0
446.0,24.0,79.0,162.0,11.609999656677244,967.0,712.0,7.0
446.0,24.0,79.0,162.0,11.640000343322756,967.0,712.0,7.0
446.0,24.0,79.0,162.0,11.640000343322756,967.0,712.0,7.0
446.0,24.0,79.0,162.0,11.609999656677244,967.0,712.0,56.0
446.0,24.0,79.0,162.0,11.640000343322756,967.0,712.0,56.0
446.0,24.0,79.0,162.0,11.640000343322756,967.0,712.0,56.0
446.0,24.0,79.0,162.0,10.300000190734863,967.0,712.0,56.0
387.0,20.0,94.0,157.0,14.31999969482422,938.0,845.0,28.0
387.0,20.0,94.0,157.0,13.93000030517578,938.0,845.0,28.0
387.0,20.0,94.0,157.0,11.609999656677244,938.0,845.0,28.0
387.0,20.0,94.0,157.0,14.31999969482422,938.0,845.0,3.0
387.0,20.0,94.0,157.0,13.93000030517578,938.0,845.0,3.0
387.0,20.0,94.0,157.0,11.609999656677244,938.0,845.0,3.0
387.0,20.0,94.0,157.0,14.31999969482422,938.0,845.0,7.0
387.0,20.0,94.0,157.0,13.93000030517578,938.0,845.0,7.0
387.0,20.0,94.0,157.0,11.609999656677244,938.0,845.0,7.0
387.0,20.0,94.0,157.0,14.31999969482422,938.0,845.0,56.0
387.0,20.0,94.0,157.0,13.93000030517578,938.0,845.0,56.0
387.0,20.0,94.0,157.0,11.609999656677244,938.0,845.0,56.0
355.0,19.0,97.0,145.0,13.130000114440918,967.0,871.0,28.0
355.0,19.0,97.0,145.0,12.25,967.0,871.0,28.0
491.0,26.0,123.0,210.0,3.9300000667572017,882.0,699.0,28.0
491.0,26.0,123.0,201.0,3.9300000667572017,822.0,699.0,28.0
491.0,26.0,123.0,210.0,3.9300000667572017,882.0,699.0,3.0
491.0,26.0,123.0,210.0,3.9300000667572017,882.0,699.0,7.0
491.0,26.0,123.0,210.0,3.9300000667572017,882.0,699.0,56.0
491.0,26.0,123.0,201.0,3.9300000667572017,822.0,699.0,3.0
491.0,26.0,123.0,201.0,3.9300000667572017,822.0,699.0,7.0
491.0,26.0,123.0,201.0,3.9300000667572017,822.0,699.0,56.0
424.0,22.0,132.0,178.0,8.479999542236326,822.0,750.0,28.0
424.0,22.0,132.0,178.0,8.479999542236326,882.0,750.0,3.0
424.0,22.0,132.0,168.0,8.920000076293945,822.0,750.0,28.0
424.0,22.0,132.0,178.0,8.479999542236326,822.0,750.0,7.0
424.0,22.0,132.0,178.0,8.479999542236326,822.0,750.0,56.0
424.0,22.0,132.0,168.0,8.920000076293945,822.0,750.0,3.0
424.0,22.0,132.0,168.0,8.920000076293945,822.0,750.0,7.0
424.0,22.0,132.0,168.0,8.920000076293945,822.0,750.0,56.0
202.0,11.0,141.0,206.0,1.7200000286102295,942.0,801.0,28.0
202.0,11.0,141.0,206.0,1.7200000286102295,942.0,801.0,3.0
202.0,11.0,141.0,206.0,1.7200000286102295,942.0,801.0,7.0
202.0,11.0,141.0,206.0,1.7200000286102295,942.0,801.0,56.0
284.0,15.0,141.0,179.0,5.460000038146973,842.0,801.0,28.0
284.0,15.0,141.0,179.0,5.460000038146973,842.0,801.0,3.0
284.0,15.0,141.0,179.0,5.460000038146973,842.0,801.0,7.0
284.0,15.0,141.0,179.0,5.460000038146973,842.0,801.0,56.0
359.0,19.0,141.0,154.0,10.90999984741211,942.0,801.0,28.0
359.0,19.0,141.0,154.0,10.90999984741211,942.0,801.0,28.0
359.0,19.0,141.0,154.0,10.90999984741211,942.0,801.0,3.0
359.0,19.0,141.0,154.0,10.90999984741211,942.0,801.0,3.0
359.0,19.0,141.0,154.0,10.90999984741211,942.0,801.0,7.0
359.0,19.0,141.0,154.0,10.90999984741211,942.0,801.0,7.0
359.0,19.0,141.0,154.0,10.90999984741211,942.0,801.0,56.0
359.0,19.0,141.0,154.0,10.90999984741211,942.0,801.0,56.0
436.0,0.0,0.0,218.0,0.0,838.4000244140625,719.7000122070312,28.0
289.0,0.0,0.0,192.0,0.0,913.2000122070312,895.2999877929688,90.0
289.0,0.0,0.0,192.0,0.0,913.2000122070312,895.2999877929688,3.0
393.0,0.0,0.0,192.0,0.0,940.5999755859376,785.5999755859375,3.0
393.0,0.0,0.0,192.0,0.0,940.5999755859376,785.5999755859375,90.0
393.0,0.0,0.0,192.0,0.0,940.5999755859376,785.5999755859375,28.0
480.0,0.0,0.0,192.0,0.0,936.2000122070312,712.2000122070312,28.0
480.0,0.0,0.0,192.0,0.0,936.2000122070312,712.2000122070312,7.0
480.0,0.0,0.0,192.0,0.0,936.2000122070312,712.2000122070312,90.0
480.0,0.0,0.0,192.0,0.0,936.2000122070312,712.2000122070312,3.0
333.0,0.0,0.0,192.0,0.0,931.2000122070312,842.5999755859375,3.0
255.0,0.0,0.0,192.0,0.0,889.7999877929688,945.0,90.0
255.0,0.0,0.0,192.0,0.0,889.7999877929688,945.0,7.0
289.0,0.0,0.0,192.0,0.0,913.2000122070312,895.2999877929688,7.0
255.0,0.0,0.0,192.0,0.0,889.7999877929688,945.0,28.0
333.0,0.0,0.0,192.0,0.0,931.2000122070312,842.5999755859375,28.0
333.0,0.0,0.0,192.0,0.0,931.2000122070312,842.5999755859375,7.0
289.0,0.0,0.0,192.0,0.0,913.2000122070312,895.2999877929688,28.0
333.0,0.0,0.0,192.0,0.0,931.2000122070312,842.5999755859375,90.0
393.0,0.0,0.0,192.0,0.0,940.5999755859376,785.5999755859375,7.0
255.0,0.0,0.0,192.0,0.0,889.7999877929688,945.0,3.0
158.8000030517578,238.1999969482422,0.0,185.6999969482422,0.0,1040.5999755859377,734.2999877929688,7.0
239.6000061035156,359.3999938964844,0.0,185.6999969482422,0.0,941.5999755859376,664.2999877929688,7.0
238.1999969482422,158.8000030517578,0.0,185.6999969482422,0.0,1040.5999755859377,734.2999877929688,7.0
181.8999938964844,272.79998779296875,0.0,185.6999969482422,0.0,1012.4000244140624,714.2999877929688,28.0
193.5,290.20001220703125,0.0,185.6999969482422,0.0,998.2000122070312,704.2999877929688,28.0
255.5,170.3000030517578,0.0,185.6999969482422,0.0,1026.5999755859377,724.2999877929688,7.0
272.79998779296875,181.8999938964844,0.0,185.6999969482422,0.0,1012.4000244140624,714.2999877929688,7.0
239.6000061035156,359.3999938964844,0.0,185.6999969482422,0.0,941.5999755859376,664.2999877929688,28.0
220.8000030517578,147.1999969482422,0.0,185.6999969482422,0.0,1055.0,744.2999877929688,28.0
397.0,0.0,0.0,185.6999969482422,0.0,1040.5999755859377,734.2999877929688,28.0
382.5,0.0,0.0,185.6999969482422,0.0,1047.800048828125,739.2999877929688,7.0
210.6999969482422,316.1000061035156,0.0,185.6999969482422,0.0,977.0,689.2999877929688,7.0
158.8000030517578,238.1999969482422,0.0,185.6999969482422,0.0,1040.5999755859377,734.2999877929688,28.0
295.79998779296875,0.0,0.0,185.6999969482422,0.0,1091.4000244140623,769.2999877929688,7.0
255.5,170.3000030517578,0.0,185.6999969482422,0.0,1026.5999755859377,724.2999877929688,28.0
203.5,135.69999694824222,0.0,185.6999969482422,0.0,1076.199951171875,759.2999877929688,7.0
397.0,0.0,0.0,185.6999969482422,0.0,1040.5999755859377,734.2999877929688,7.0
381.3999938964844,0.0,0.0,185.6999969482422,0.0,1104.5999755859377,784.2999877929688,28.0
295.79998779296875,0.0,0.0,185.6999969482422,0.0,1091.4000244140623,769.2999877929688,28.0
228.0,342.1000061035156,0.0,185.6999969482422,0.0,955.7999877929688,674.2999877929688,28.0
220.8000030517578,147.1999969482422,0.0,185.6999969482422,0.0,1055.0,744.2999877929688,7.0
316.1000061035156,210.6999969482422,0.0,185.6999969482422,0.0,977.0,689.2999877929688,28.0
135.69999694824222,203.5,0.0,185.6999969482422,0.0,1076.199951171875,759.2999877929688,7.0
238.1000061035156,0.0,0.0,185.6999969482422,0.0,1118.800048828125,789.2999877929688,28.0
339.20001220703125,0.0,0.0,185.6999969482422,0.0,1069.199951171875,754.2999877929688,7.0
135.69999694824222,203.5,0.0,185.6999969482422,0.0,1076.199951171875,759.2999877929688,28.0
193.5,290.20001220703125,0.0,185.6999969482422,0.0,998.2000122070312,704.2999877929688,7.0
203.5,135.69999694824222,0.0,185.6999969482422,0.0,1076.199951171875,759.2999877929688,28.0
290.20001220703125,193.5,0.0,185.6999969482422,0.0,998.2000122070312,704.2999877929688,7.0
181.8999938964844,272.79998779296875,0.0,185.6999969482422,0.0,1012.4000244140624,714.2999877929688,7.0
170.3000030517578,155.5,0.0,185.6999969482422,0.0,1026.5999755859377,724.2999877929688,28.0
210.6999969482422,316.1000061035156,0.0,185.6999969482422,0.0,977.0,689.2999877929688,28.0
228.0,342.1000061035156,0.0,185.6999969482422,0.0,955.7999877929688,674.2999877929688,7.0
290.20001220703125,193.5,0.0,185.6999969482422,0.0,998.2000122070312,704.2999877929688,28.0
381.3999938964844,0.0,0.0,185.6999969482422,0.0,1104.5999755859377,784.2999877929688,7.0
238.1999969482422,158.8000030517578,0.0,185.6999969482422,0.0,1040.5999755859377,734.2999877929688,28.0
186.1999969482422,124.0999984741211,0.0,185.6999969482422,0.0,1083.4000244140623,764.2999877929688,7.0
339.20001220703125,0.0,0.0,185.6999969482422,0.0,1069.199951171875,754.2999877929688,28.0
238.1000061035156,0.0,0.0,185.6999969482422,0.0,1118.800048828125,789.2999877929688,7.0
252.5,0.0,0.0,185.6999969482422,0.0,1111.5999755859377,784.2999877929688,28.0
382.5,0.0,0.0,185.6999969482422,0.0,1047.800048828125,739.2999877929688,28.0
252.5,0.0,0.0,185.6999969482422,0.0,1111.5999755859377,784.2999877929688,7.0
316.1000061035156,210.6999969482422,0.0,185.6999969482422,0.0,977.0,689.2999877929688,7.0
186.1999969482422,124.0999984741211,0.0,185.6999969482422,0.0,1083.4000244140623,764.2999877929688,28.0
170.3000030517578,155.5,0.0,185.6999969482422,0.0,1026.5999755859377,724.2999877929688,7.0
272.79998779296875,181.8999938964844,0.0,185.6999969482422,0.0,1012.4000244140624,714.2999877929688,28.0
339.0,0.0,0.0,197.0,0.0,968.0,781.0,3.0
339.0,0.0,0.0,197.0,0.0,968.0,781.0,7.0
339.0,0.0,0.0,197.0,0.0,968.0,781.0,14.0
339.0,0.0,0.0,197.0,0.0,968.0,781.0,28.0
339.0,0.0,0.0,197.0,0.0,968.0,781.0,90.0
339.0,0.0,0.0,197.0,0.0,968.0,781.0,180.0
339.0,0.0,0.0,197.0,0.0,968.0,781.0,365.0
236.0,0.0,0.0,194.0,0.0,968.0,885.0,3.0
236.0,0.0,0.0,194.0,0.0,968.0,885.0,14.0
236.0,0.0,0.0,194.0,0.0,968.0,885.0,28.0
236.0,0.0,0.0,194.0,0.0,968.0,885.0,90.0
236.0,0.0,0.0,193.0,0.0,968.0,885.0,180.0
236.0,0.0,0.0,193.0,0.0,968.0,885.0,365.0
277.0,0.0,0.0,191.0,0.0,968.0,856.0,14.0
277.0,0.0,0.0,191.0,0.0,968.0,856.0,28.0
277.0,0.0,0.0,191.0,0.0,968.0,856.0,3.0
277.0,0.0,0.0,191.0,0.0,968.0,856.0,90.0
277.0,0.0,0.0,191.0,0.0,968.0,856.0,180.0
277.0,0.0,0.0,191.0,0.0,968.0,856.0,360.0
254.0,0.0,0.0,198.0,0.0,968.0,863.0,3.0
254.0,0.0,0.0,198.0,0.0,968.0,863.0,90.0
254.0,0.0,0.0,198.0,0.0,968.0,863.0,180.0
254.0,0.0,0.0,198.0,0.0,968.0,863.0,365.0
307.0,0.0,0.0,193.0,0.0,968.0,812.0,180.0
307.0,0.0,0.0,193.0,0.0,968.0,812.0,365.0
307.0,0.0,0.0,193.0,0.0,968.0,812.0,3.0
307.0,0.0,0.0,193.0,0.0,968.0,812.0,28.0
307.0,0.0,0.0,193.0,0.0,968.0,812.0,90.0
236.0,0.0,0.0,193.0,0.0,968.0,885.0,7.0
200.0,0.0,0.0,180.0,0.0,1125.0,845.0,7.0
200.0,0.0,0.0,180.0,0.0,1125.0,845.0,28.0
225.0,0.0,0.0,181.0,0.0,1113.0,833.0,7.0
225.0,0.0,0.0,181.0,0.0,1113.0,833.0,28.0
325.0,0.0,0.0,184.0,0.0,1063.0,783.0,7.0
325.0,0.0,0.0,184.0,0.0,1063.0,783.0,28.0
275.0,0.0,0.0,183.0,0.0,1088.0,808.0,7.0
275.0,0.0,0.0,183.0,0.0,1088.0,808.0,28.0
300.0,0.0,0.0,184.0,0.0,1075.0,795.0,7.0
300.0,0.0,0.0,184.0,0.0,1075.0,795.0,28.0
375.0,0.0,0.0,186.0,0.0,1038.0,758.0,7.0
375.0,0.0,0.0,186.0,0.0,1038.0,758.0,28.0
400.0,0.0,0.0,187.0,0.0,1025.0,745.0,28.0
400.0,0.0,0.0,187.0,0.0,1025.0,745.0,7.0
250.0,0.0,0.0,182.0,0.0,1100.0,820.0,7.0
250.0,0.0,0.0,182.0,0.0,1100.0,820.0,28.0
350.0,0.0,0.0,186.0,0.0,1050.0,770.0,7.0
350.0,0.0,0.0,186.0,0.0,1050.0,770.0,28.0
203.5,305.29998779296875,0.0,203.5,0.0,963.4000244140624,630.0,7.0
250.1999969482422,166.8000030517578,0.0,203.5,0.0,977.5999755859376,694.0999755859375,90.0
157.0,236.0,0.0,192.0,0.0,935.4000244140624,781.2000122070312,90.0
141.3000030517578,212.0,0.0,203.5,0.0,971.7999877929688,748.5,28.0
166.8000030517578,250.1999969482422,0.0,203.5,0.0,975.5999755859376,692.5999755859375,3.0
122.5999984741211,183.8999938964844,0.0,203.5,0.0,958.2000122070312,800.0999755859375,90.0
183.8999938964844,122.5999984741211,0.0,203.5,0.0,959.2000122070312,800.0,3.0
102.0,153.0,0.0,192.0,0.0,887.0,942.0,3.0
102.0,153.0,0.0,192.0,0.0,887.0,942.0,90.0
122.5999984741211,183.8999938964844,0.0,203.5,0.0,958.2000122070312,800.0999755859375,28.0
166.8000030517578,250.1999969482422,0.0,203.5,0.0,975.5999755859376,692.5999755859375,28.0
200.0,133.0,0.0,192.0,0.0,965.4000244140624,806.2000122070312,3.0
108.3000030517578,162.39999389648438,0.0,203.5,0.0,938.2000122070312,849.0,28.0
305.29998779296875,203.5,0.0,203.5,0.0,965.4000244140624,631.0,7.0
108.3000030517578,162.39999389648438,0.0,203.5,0.0,938.2000122070312,849.0,90.0
116.0,173.0,0.0,192.0,0.0,909.7999877929688,891.9000244140625,90.0
141.3000030517578,212.0,0.0,203.5,0.0,971.7999877929688,748.5,7.0
157.0,236.0,0.0,192.0,0.0,935.4000244140624,781.2000122070312,28.0
133.0,200.0,0.0,192.0,0.0,927.4000244140624,839.2000122070312,28.0
250.1999969482422,166.8000030517578,0.0,203.5,0.0,977.5999755859376,694.0999755859375,7.0
173.0,116.0,0.0,192.0,0.0,946.7999877929688,856.7999877929688,7.0
192.0,288.0,0.0,192.0,0.0,929.7999877929688,716.0999755859375,3.0
192.0,288.0,0.0,192.0,0.0,929.7999877929688,716.0999755859375,28.0
153.0,102.0,0.0,192.0,0.0,888.0,943.0999755859376,3.0
288.0,192.0,0.0,192.0,0.0,932.0,717.7999877929688,3.0
305.29998779296875,203.5,0.0,203.5,0.0,965.4000244140624,631.0,28.0
236.0,157.0,0.0,192.0,0.0,972.5999755859376,749.0999755859375,7.0
173.0,116.0,0.0,192.0,0.0,946.7999877929688,856.7999877929688,3.0
212.0,141.3000030517578,0.0,203.5,0.0,973.4000244140624,750.0,7.0
236.0,157.0,0.0,192.0,0.0,972.5999755859376,749.0999755859375,3.0
183.8999938964844,122.5999984741211,0.0,203.5,0.0,959.2000122070312,800.0,90.0
166.8000030517578,250.1999969482422,0.0,203.5,0.0,975.5999755859376,692.5999755859375,7.0
102.0,153.0,0.0,192.0,0.0,887.0,942.0,7.0
288.0,192.0,0.0,192.0,0.0,932.0,717.7999877929688,28.0
212.0,141.3000030517578,0.0,203.5,0.0,973.4000244140624,750.0,28.0
102.0,153.0,0.0,192.0,0.0,887.0,942.0,28.0
173.0,116.0,0.0,192.0,0.0,946.7999877929688,856.7999877929688,28.0
183.8999938964844,122.5999984741211,0.0,203.5,0.0,959.2000122070312,800.0,28.0
133.0,200.0,0.0,192.0,0.0,927.4000244140624,839.2000122070312,90.0
192.0,288.0,0.0,192.0,0.0,929.7999877929688,716.0999755859375,90.0
133.0,200.0,0.0,192.0,0.0,927.4000244140624,839.2000122070312,7.0
305.29998779296875,203.5,0.0,203.5,0.0,965.4000244140624,631.0,3.0
236.0,157.0,0.0,192.0,0.0,972.5999755859376,749.0999755859375,90.0
108.3000030517578,162.39999389648438,0.0,203.5,0.0,938.2000122070312,849.0,3.0
157.0,236.0,0.0,192.0,0.0,935.4000244140624,781.2000122070312,7.0
288.0,192.0,0.0,192.0,0.0,932.0,717.7999877929688,7.0
212.0,141.3000030517578,0.0,203.5,0.0,973.4000244140624,750.0,3.0
212.0,141.3000030517578,0.0,203.5,0.0,973.4000244140624,750.0,90.0
153.0,102.0,0.0,192.0,0.0,888.0,943.0999755859376,28.0
236.0,157.0,0.0,192.0,0.0,972.5999755859376,749.0999755859375,28.0
116.0,173.0,0.0,192.0,0.0,909.7999877929688,891.9000244140625,28.0
183.8999938964844,122.5999984741211,0.0,203.5,0.0,959.2000122070312,800.0,7.0
108.3000030517578,162.39999389648438,0.0,203.5,0.0,938.2000122070312,849.0,7.0
203.5,305.29998779296875,0.0,203.5,0.0,963.4000244140624,630.0,28.0
203.5,305.29998779296875,0.0,203.5,0.0,963.4000244140624,630.0,3.0
133.0,200.0,0.0,192.0,0.0,927.4000244140624,839.2000122070312,3.0
288.0,192.0,0.0,192.0,0.0,932.0,717.7999877929688,90.0
200.0,133.0,0.0,192.0,0.0,965.4000244140624,806.2000122070312,7.0
200.0,133.0,0.0,192.0,0.0,965.4000244140624,806.2000122070312,28.0
250.1999969482422,166.8000030517578,0.0,203.5,0.0,977.5999755859376,694.0999755859375,3.0
122.5999984741211,183.8999938964844,0.0,203.5,0.0,958.2000122070312,800.0999755859375,3.0
153.0,102.0,0.0,192.0,0.0,888.0,943.0999755859376,90.0
200.0,133.0,0.0,192.0,0.0,965.4000244140624,806.2000122070312,90.0
116.0,173.0,0.0,192.0,0.0,909.7999877929688,891.9000244140625,3.0
173.0,116.0,0.0,192.0,0.0,946.7999877929688,856.7999877929688,90.0
250.1999969482422,166.8000030517578,0.0,203.5,0.0,977.5999755859376,694.0999755859375,28.0
305.29998779296875,203.5,0.0,203.5,0.0,965.4000244140624,631.0,90.0
192.0,288.0,0.0,192.0,0.0,929.7999877929688,716.0999755859375,7.0
157.0,236.0,0.0,192.0,0.0,935.4000244140624,781.2000122070312,3.0
153.0,102.0,0.0,192.0,0.0,888.0,943.0999755859376,7.0
141.3000030517578,212.0,0.0,203.5,0.0,971.7999877929688,748.5,90.0
116.0,173.0,0.0,192.0,0.0,909.7999877929688,891.9000244140625,7.0
141.3000030517578,212.0,0.0,203.5,0.0,971.7999877929688,748.5,3.0
122.5999984741211,183.8999938964844,0.0,203.5,0.0,958.2000122070312,800.0999755859375,7.0
166.8000030517578,250.1999969482422,0.0,203.5,0.0,975.5999755859376,692.5999755859375,90.0
203.5,305.29998779296875,0.0,203.5,0.0,963.4000244140624,630.0,90.0
310.0,0.0,0.0,192.0,0.0,1012.0,830.0,3.0
310.0,0.0,0.0,192.0,0.0,1012.0,830.0,7.0
310.0,0.0,0.0,192.0,0.0,1012.0,830.0,28.0
310.0,0.0,0.0,192.0,0.0,1012.0,830.0,90.0
310.0,0.0,0.0,192.0,0.0,1012.0,830.0,120.0
331.0,0.0,0.0,192.0,0.0,1025.0,821.0,3.0
331.0,0.0,0.0,192.0,0.0,1025.0,821.0,7.0
331.0,0.0,0.0,192.0,0.0,1025.0,821.0,28.0
331.0,0.0,0.0,192.0,0.0,1025.0,821.0,90.0
331.0,0.0,0.0,192.0,0.0,1025.0,821.0,120.0
349.0,0.0,0.0,192.0,0.0,1056.0,809.0,3.0
349.0,0.0,0.0,192.0,0.0,1056.0,809.0,7.0
349.0,0.0,0.0,192.0,0.0,1056.0,809.0,28.0
349.0,0.0,0.0,192.0,0.0,1056.0,809.0,90.0
349.0,0.0,0.0,192.0,0.0,1056.0,809.0,120.0
238.0,0.0,0.0,186.0,0.0,1119.0,789.0,7.0
238.0,0.0,0.0,186.0,0.0,1119.0,789.0,28.0
296.0,0.0,0.0,186.0,0.0,1090.0,769.0,7.0
296.0,0.0,0.0,186.0,0.0,1090.0,769.0,28.0
297.0,0.0,0.0,186.0,0.0,1040.0,734.0,7.0
480.0,0.0,0.0,192.0,0.0,936.0,721.0,28.0
480.0,0.0,0.0,192.0,0.0,936.0,721.0,90.0
397.0,0.0,0.0,186.0,0.0,1040.0,734.0,28.0
281.0,0.0,0.0,186.0,0.0,1104.0,774.0,7.0
281.0,0.0,0.0,185.0,0.0,1104.0,774.0,28.0
500.0,0.0,0.0,200.0,0.0,1125.0,613.0,1.0
500.0,0.0,0.0,200.0,0.0,1125.0,613.0,3.0
500.0,0.0,0.0,200.0,0.0,1125.0,613.0,7.0
500.0,0.0,0.0,200.0,0.0,1125.0,613.0,14.0
500.0,0.0,0.0,200.0,0.0,1125.0,613.0,28.0
540.0,0.0,0.0,173.0,0.0,1125.0,613.0,7.0
540.0,0.0,0.0,173.0,0.0,1125.0,613.0,14.0
540.0,0.0,0.0,173.0,0.0,1125.0,613.0,28.0
540.0,0.0,0.0,173.0,0.0,1125.0,613.0,90.0
540.0,0.0,0.0,173.0,0.0,1125.0,613.0,180.0
540.0,0.0,0.0,173.0,0.0,1125.0,613.0,270.0
350.0,0.0,0.0,203.0,0.0,974.0,775.0,7.0
350.0,0.0,0.0,203.0,0.0,974.0,775.0,14.0
350.0,0.0,0.0,203.0,0.0,974.0,775.0,28.0
350.0,0.0,0.0,203.0,0.0,974.0,775.0,56.0
350.0,0.0,0.0,203.0,0.0,974.0,775.0,90.0
350.0,0.0,0.0,203.0,0.0,974.0,775.0,180.0
385.0,0.0,0.0,186.0,0.0,966.0,763.0,1.0
385.0,0.0,0.0,186.0,0.0,966.0,763.0,3.0
385.0,0.0,0.0,186.0,0.0,966.0,763.0,7.0
385.0,0.0,0.0,186.0,0.0,966.0,763.0,14.0
385.0,0.0,0.0,186.0,0.0,966.0,763.0,28.0
331.0,0.0,0.0,192.0,0.0,978.0,825.0,180.0
331.0,0.0,0.0,192.0,0.0,978.0,825.0,360.0
349.0,0.0,0.0,192.0,0.0,1047.0,806.0,3.0
331.0,0.0,0.0,192.0,0.0,978.0,825.0,3.0
382.0,0.0,0.0,186.0,0.0,1047.0,739.0,7.0
382.0,0.0,0.0,186.0,0.0,1047.0,739.0,28.0
382.0,0.0,0.0,186.0,0.0,1111.0,784.0,7.0
281.0,0.0,0.0,186.0,0.0,1104.0,774.0,28.0
339.0,0.0,0.0,185.0,0.0,1069.0,754.0,7.0
339.0,0.0,0.0,185.0,0.0,1069.0,754.0,28.0
295.0,0.0,0.0,185.0,0.0,1069.0,769.0,7.0
295.0,0.0,0.0,185.0,0.0,1069.0,769.0,28.0
238.0,0.0,0.0,185.0,0.0,1118.0,789.0,28.0
296.0,0.0,0.0,192.0,0.0,1085.0,765.0,7.0
296.0,0.0,0.0,192.0,0.0,1085.0,765.0,28.0
296.0,0.0,0.0,192.0,0.0,1085.0,765.0,90.0
331.0,0.0,0.0,192.0,0.0,879.0,825.0,3.0
331.0,0.0,0.0,192.0,0.0,978.0,825.0,7.0
331.0,0.0,0.0,192.0,0.0,978.0,825.0,28.0
331.0,0.0,0.0,192.0,0.0,978.0,825.0,90.0
349.0,0.0,0.0,192.0,0.0,1047.0,806.0,7.0
349.0,0.0,0.0,192.0,0.0,1047.0,806.0,28.0
349.0,0.0,0.0,192.0,0.0,1047.0,806.0,90.0
349.0,0.0,0.0,192.0,0.0,1047.0,806.0,180.0
349.0,0.0,0.0,192.0,0.0,1047.0,806.0,360.0
302.0,0.0,0.0,203.0,0.0,974.0,817.0,14.0
302.0,0.0,0.0,203.0,0.0,974.0,817.0,180.0
525.0,0.0,0.0,189.0,0.0,1125.0,613.0,180.0
500.0,0.0,0.0,200.0,0.0,1125.0,613.0,90.0
500.0,0.0,0.0,200.0,0.0,1125.0,613.0,180.0
500.0,0.0,0.0,200.0,0.0,1125.0,613.0,270.0
540.0,0.0,0.0,173.0,0.0,1125.0,613.0,3.0
252.0,0.0,0.0,185.0,0.0,1111.0,784.0,7.0
252.0,0.0,0.0,185.0,0.0,1111.0,784.0,28.0
339.0,0.0,0.0,185.0,0.0,1060.0,754.0,28.0
393.0,0.0,0.0,192.0,0.0,940.0,758.0,3.0
393.0,0.0,0.0,192.0,0.0,940.0,758.0,28.0
393.0,0.0,0.0,192.0,0.0,940.0,758.0,90.0
382.0,0.0,0.0,185.0,0.0,1047.0,739.0,7.0
382.0,0.0,0.0,185.0,0.0,1047.0,739.0,28.0
252.0,0.0,0.0,186.0,0.0,1111.0,784.0,7.0
252.0,0.0,0.0,185.0,0.0,1111.0,784.0,28.0
310.0,0.0,0.0,192.0,0.0,970.0,850.0,7.0
310.0,0.0,0.0,192.0,0.0,970.0,850.0,28.0
310.0,0.0,0.0,192.0,0.0,970.0,850.0,90.0
310.0,0.0,0.0,192.0,0.0,970.0,850.0,180.0
310.0,0.0,0.0,192.0,0.0,970.0,850.0,360.0
525.0,0.0,0.0,189.0,0.0,1125.0,613.0,3.0
525.0,0.0,0.0,189.0,0.0,1125.0,613.0,7.0
525.0,0.0,0.0,189.0,0.0,1125.0,613.0,14.0
525.0,0.0,0.0,189.0,0.0,1125.0,613.0,28.0
525.0,0.0,0.0,189.0,0.0,1125.0,613.0,90.0
525.0,0.0,0.0,189.0,0.0,1125.0,613.0,270.0
322.0,0.0,0.0,203.0,0.0,974.0,800.0,14.0
322.0,0.0,0.0,203.0,0.0,974.0,800.0,28.0
322.0,0.0,0.0,203.0,0.0,974.0,800.0,180.0
302.0,0.0,0.0,203.0,0.0,974.0,817.0,28.0
397.0,0.0,0.0,185.0,0.0,1040.0,734.0,28.0
480.0,0.0,0.0,192.0,0.0,936.0,721.0,3.0
522.0,0.0,0.0,146.0,0.0,896.0,896.0,7.0
522.0,0.0,0.0,146.0,0.0,896.0,896.0,28.0
273.0,105.0,82.0,210.0,9.0,904.0,680.0,28.0
162.0,190.0,148.0,179.0,19.0,838.0,741.0,28.0
154.0,144.0,112.0,220.0,10.0,923.0,658.0,28.0
147.0,115.0,89.0,202.0,9.0,860.0,829.0,28.0
152.0,178.0,139.0,168.0,18.0,944.0,695.0,28.0
310.0,143.0,111.0,168.0,22.0,914.0,651.0,28.0
144.0,0.0,175.0,158.0,18.0,943.0,844.0,28.0
304.0,140.0,0.0,214.0,6.0,895.0,722.0,28.0
374.0,0.0,0.0,190.0,7.0,1013.0,730.0,28.0
159.0,149.0,116.0,175.0,15.0,953.0,720.0,28.0
153.0,239.0,0.0,200.0,6.0,1002.0,684.0,28.0
310.0,143.0,0.0,168.0,10.0,914.0,804.0,28.0
305.0,0.0,100.0,196.0,10.0,959.0,705.0,28.0
151.0,0.0,184.0,167.0,12.0,991.0,772.0,28.0
142.0,167.0,130.0,174.0,11.0,883.0,785.0,28.0
298.0,137.0,107.0,201.0,6.0,878.0,655.0,28.0
321.0,164.0,0.0,190.0,5.0,870.0,774.0,28.0
366.0,187.0,0.0,191.0,7.0,824.0,757.0,28.0
280.0,129.0,100.0,172.0,9.0,825.0,805.0,28.0
252.0,97.0,76.0,194.0,8.0,835.0,821.0,28.0
165.0,0.0,150.0,182.0,12.0,1023.0,729.0,28.0
156.0,243.0,0.0,180.0,11.0,1022.0,698.0,28.0
160.0,188.0,146.0,203.0,11.0,829.0,710.0,28.0
298.0,0.0,107.0,186.0,6.0,879.0,815.0,28.0
318.0,0.0,126.0,210.0,6.0,861.0,737.0,28.0
287.0,121.0,94.0,188.0,9.0,904.0,696.0,28.0
326.0,166.0,0.0,174.0,9.0,882.0,790.0,28.0
356.0,0.0,142.0,193.0,11.0,801.0,778.0,28.0
132.0,207.0,161.0,179.0,5.0,867.0,736.0,28.0
322.0,149.0,0.0,186.0,8.0,951.0,709.0,28.0
164.0,0.0,200.0,181.0,13.0,849.0,846.0,28.0
314.0,0.0,113.0,170.0,10.0,925.0,783.0,28.0
321.0,0.0,128.0,182.0,11.0,870.0,780.0,28.0
140.0,164.0,128.0,237.0,6.0,869.0,656.0,28.0
288.0,121.0,0.0,177.0,7.0,908.0,829.0,28.0
298.0,0.0,107.0,210.0,11.0,880.0,744.0,28.0
265.0,111.0,86.0,195.0,6.0,833.0,790.0,28.0
160.0,250.0,0.0,168.0,12.0,1049.0,688.0,28.0
166.0,260.0,0.0,183.0,13.0,859.0,827.0,28.0
276.0,116.0,90.0,180.0,9.0,870.0,768.0,28.0
322.0,0.0,116.0,196.0,10.0,818.0,813.0,28.0
149.0,139.0,109.0,193.0,6.0,892.0,780.0,28.0
159.0,187.0,0.0,176.0,11.0,990.0,789.0,28.0
261.0,100.0,78.0,201.0,9.0,864.0,761.0,28.0
237.0,92.0,71.0,247.0,6.0,853.0,695.0,28.0
313.0,0.0,113.0,178.0,8.0,1002.0,689.0,28.0
155.0,183.0,0.0,193.0,9.0,1047.0,697.0,28.0
146.0,230.0,0.0,202.0,3.0,827.0,872.0,28.0
296.0,0.0,107.0,221.0,11.0,819.0,778.0,28.0
133.0,210.0,0.0,196.0,3.0,949.0,795.0,28.0
313.0,145.0,0.0,178.0,8.0,867.0,824.0,28.0
152.0,0.0,112.0,184.0,8.0,992.0,816.0,28.0
153.0,145.0,113.0,178.0,8.0,1002.0,689.0,28.0
140.0,133.0,103.0,200.0,7.0,916.0,753.0,28.0
149.0,236.0,0.0,176.0,13.0,847.0,893.0,28.0
300.0,0.0,120.0,212.0,10.0,878.0,728.0,28.0
153.0,145.0,113.0,178.0,8.0,867.0,824.0,28.0
148.0,0.0,137.0,158.0,16.0,1002.0,830.0,28.0
326.0,0.0,138.0,199.0,11.0,801.0,792.0,28.0
153.0,145.0,0.0,178.0,8.0,1000.0,822.0,28.0
262.0,111.0,86.0,195.0,5.0,895.0,733.0,28.0
158.0,0.0,195.0,220.0,11.0,898.0,713.0,28.0
151.0,0.0,185.0,167.0,16.0,1074.0,678.0,28.0
273.0,0.0,90.0,199.0,11.0,931.0,762.0,28.0
149.0,118.0,92.0,183.0,7.0,953.0,780.0,28.0
143.0,169.0,143.0,191.0,8.0,967.0,643.0,28.0
260.0,101.0,78.0,171.0,10.0,936.0,763.0,28.0
313.0,161.0,0.0,178.0,10.0,917.0,759.0,28.0
284.0,120.0,0.0,168.0,7.0,970.0,794.0,28.0
336.0,0.0,0.0,182.0,3.0,986.0,817.0,28.0
145.0,0.0,134.0,181.0,11.0,979.0,812.0,28.0
150.0,237.0,0.0,174.0,12.0,1069.0,675.0,28.0
144.0,170.0,133.0,192.0,8.0,814.0,805.0,28.0
331.0,170.0,0.0,195.0,8.0,811.0,802.0,28.0
155.0,0.0,143.0,193.0,9.0,1047.0,697.0,28.0
155.0,183.0,0.0,193.0,9.0,877.0,868.0,28.0
135.0,0.0,166.0,180.0,10.0,961.0,805.0,28.0
266.0,112.0,87.0,178.0,10.0,910.0,745.0,28.0
314.0,145.0,113.0,179.0,8.0,869.0,690.0,28.0
313.0,145.0,0.0,127.0,8.0,1000.0,822.0,28.0
146.0,173.0,0.0,182.0,3.0,986.0,817.0,28.0
144.0,136.0,106.0,178.0,7.0,941.0,774.0,28.0
148.0,0.0,182.0,181.0,15.0,839.0,884.0,28.0
277.0,117.0,91.0,191.0,7.0,946.0,666.0,28.0
298.0,0.0,107.0,164.0,13.0,953.0,784.0,28.0
313.0,145.0,0.0,178.0,8.0,1002.0,689.0,28.0
155.0,184.0,143.0,194.0,9.0,880.0,699.0,28.0
289.0,134.0,0.0,195.0,6.0,924.0,760.0,28.0
148.0,175.0,0.0,171.0,2.0,1000.0,828.0,28.0
145.0,0.0,179.0,202.0,8.0,824.0,869.0,28.0
313.0,0.0,0.0,178.0,8.0,1000.0,822.0,28.0
136.0,162.0,126.0,172.0,10.0,923.0,764.0,28.0
155.0,0.0,143.0,193.0,9.0,877.0,868.0,28.0
255.0,99.0,77.0,189.0,6.0,919.0,749.0,28.0
162.0,207.0,172.0,216.0,10.0,822.0,638.0,28.0
136.0,196.0,98.0,199.0,6.0,847.0,783.0,28.0
164.0,163.0,128.0,197.0,8.0,961.0,641.0,28.0
162.0,214.0,164.0,202.0,10.0,820.0,680.0,28.0
157.0,214.0,152.0,200.0,9.0,819.0,704.0,28.0
149.0,153.0,194.0,192.0,8.0,935.0,623.0,28.0
135.0,105.0,193.0,196.0,6.0,965.0,643.0,28.0
159.0,209.0,161.0,201.0,7.0,848.0,669.0,28.0
144.0,15.0,195.0,176.0,6.0,1021.0,709.0,28.0
154.0,174.0,185.0,228.0,7.0,845.0,612.0,28.0
167.0,187.0,195.0,185.0,7.0,898.0,636.0,28.0
184.0,86.0,190.0,213.0,6.0,923.0,623.0,28.0
156.0,178.0,187.0,221.0,7.0,854.0,614.0,28.0
236.8999938964844,91.6999969482422,71.5,246.8999938964844,6.0,852.9000244140625,695.4000244140625,28.0
313.29998779296875,0.0,113.0,178.5,8.0,1001.9000244140624,688.7000122070312,28.0
154.8000030517578,183.3999938964844,0.0,193.3000030517578,9.100000381469727,1047.4000244140623,696.7000122070312,28.0
145.89999389648438,230.5,0.0,202.5,3.400000095367432,827.0,871.7999877929688,28.0
296.0,0.0,106.6999969482422,221.3999938964844,10.5,819.2000122070312,778.4000244140625,28.0
133.10000610351562,210.1999969482422,0.0,195.6999969482422,3.0999999046325684,949.4000244140624,795.2999877929688,28.0
313.29998779296875,145.0,0.0,178.5,8.0,867.2000122070312,824.0,28.0
151.60000610351562,0.0,111.9000015258789,184.3999938964844,7.9000000953674325,992.0,815.9000244140625,28.0
153.10000610351562,145.0,113.0,178.5,8.0,1001.9000244140624,688.7000122070312,28.0
139.89999389648438,132.60000610351562,103.3000030517578,200.3000030517578,7.4000000953674325,916.0,753.4000244140625,28.0
149.5,236.0,0.0,175.8000030517578,12.600000381469727,846.7999877929688,892.7000122070312,28.0
299.79998779296875,0.0,119.8000030517578,211.5,9.899999618530273,878.2000122070312,727.5999755859375,28.0
153.10000610351562,145.0,113.0,178.5,8.0,867.2000122070312,824.0,28.0
148.10000610351562,0.0,136.60000610351562,158.10000610351562,16.100000381469727,1001.7999877929688,830.0999755859375,28.0
326.5,0.0,137.89999389648438,199.0,10.800000190734863,801.0999755859375,792.5,28.0
152.6999969482422,144.6999969482422,0.0,178.10000610351562,8.0,999.7000122070312,822.2000122070312,28.0
261.89999389648443,110.5,86.0999984741211,195.3999938964844,5.0,895.2000122070312,732.5999755859375,28.0
158.39999389648438,0.0,194.8999938964844,219.6999969482422,11.0,897.7000122070312,712.9000244140625,28.0
150.6999969482422,0.0,185.3000030517578,166.6999969482422,15.600000381469727,1074.5,678.0,28.0
272.60000610351557,0.0,89.5999984741211,198.6999969482422,10.600000381469727,931.2999877929688,762.2000122070312,28.0
149.0,117.5999984741211,91.6999969482422,182.8999938964844,7.0999999046325675,953.4000244140624,780.2999877929688,28.0
143.0,169.39999389648438,142.6999969482422,190.6999969482422,8.399999618530272,967.4000244140624,643.5,28.0
259.89999389648443,100.5999984741211,78.4000015258789,170.60000610351562,10.399999618530273,935.7000122070312,762.9000244140625,28.0
312.8999938964844,160.5,0.0,177.60000610351562,9.600000381469727,916.5999755859376,759.5,28.0
284.0,119.6999969482422,0.0,168.3000030517578,7.199999809265138,970.4000244140624,794.2000122070312,28.0
336.5,0.0,0.0,181.8999938964844,3.400000095367432,985.7999877929688,816.7999877929688,28.0
144.8000030517578,0.0,133.60000610351562,180.8000030517578,11.100000381469727,979.5,811.5,28.0
150.0,236.8000030517578,0.0,173.8000030517578,11.899999618530273,1069.300048828125,674.7999877929688,28.0
143.6999969482422,170.1999969482422,132.60000610351562,191.6000061035156,8.5,814.0999755859375,805.2999877929688,28.0
330.5,169.60000610351562,0.0,194.8999938964844,8.100000381469728,811.0,802.2999877929688,28.0
154.8000030517578,0.0,142.8000030517578,193.3000030517578,9.100000381469727,1047.4000244140623,696.7000122070312,28.0
154.8000030517578,183.3999938964844,0.0,193.3000030517578,9.100000381469727,877.2000122070312,867.7000122070312,28.0
134.69999694824222,0.0,165.6999969482422,180.1999969482422,10.0,961.0,804.9000244140625,28.0
266.20001220703125,112.3000030517578,87.5,177.89999389648438,10.399999618530273,909.7000122070312,744.5,28.0
314.0,145.3000030517578,113.1999969482422,178.89999389648438,8.0,869.0999755859375,690.2000122070312,28.0
312.70001220703125,144.6999969482422,0.0,127.3000030517578,8.0,999.7000122070312,822.2000122070312,28.0
145.6999969482422,172.60000610351562,0.0,181.8999938964844,3.400000095367432,985.7999877929688,816.7999877929688,28.0
143.8000030517578,136.30000305175778,106.1999969482422,178.10000610351562,7.5,941.5,774.2999877929688,28.0
148.10000610351562,0.0,182.1000061035156,181.3999938964844,15.0,838.9000244140625,884.2999877929688,28.0
277.0,116.8000030517578,91.0,190.6000061035156,7.0,946.5,665.5999755859375,28.0
298.1000061035156,0.0,107.5,163.60000610351562,12.800000190734865,953.2000122070312,784.0,28.0
313.29998779296875,145.0,0.0,178.5,8.0,1001.9000244140624,688.7000122070312,28.0
155.1999969482422,183.8999938964844,143.1999969482422,193.8000030517578,9.199999809265137,879.5999755859375,698.5,28.0
289.0,133.69999694824222,0.0,194.8999938964844,5.5,924.0999755859376,760.0999755859375,28.0
147.8000030517578,175.10000610351562,0.0,171.1999969482422,2.200000047683716,1000.0,828.5,28.0
145.39999389648438,0.0,178.89999389648438,201.6999969482422,7.800000190734862,824.0,868.7000122070312,28.0
312.70001220703125,0.0,0.0,178.10000610351562,8.0,999.7000122070312,822.2000122070312,28.0
136.39999389648438,161.60000610351562,125.8000030517578,171.60000610351562,10.399999618530273,922.5999755859376,764.4000244140625,28.0
154.8000030517578,0.0,142.8000030517578,193.3000030517578,9.100000381469727,877.2000122070312,867.7000122070312,28.0
255.3000030517578,98.8000030517578,77.0,188.6000061035156,6.5,919.0,749.2999877929688,28.0
272.79998779296875,105.0999984741211,81.80000305175781,209.6999969482422,9.0,904.0,679.7000122070312,28.0
162.0,190.1000061035156,148.10000610351562,178.8000030517578,18.799999237060547,838.0999755859375,741.4000244140625,28.0
153.60000610351562,144.1999969482422,112.3000030517578,220.1000061035156,10.100000381469727,923.2000122070312,657.9000244140625,28.0
146.5,114.5999984741211,89.30000305175781,201.8999938964844,8.800000190734863,860.0,829.5,28.0
151.8000030517578,178.10000610351562,138.69999694824222,167.5,18.299999237060547,944.0,694.5999755859375,28.0
309.8999938964844,142.8000030517578,111.1999969482422,167.8000030517578,22.100000381469727,913.9000244140624,651.2000122070312,28.0
143.60000610351562,0.0,174.89999389648438,158.39999389648438,17.899999618530273,942.7000122070312,844.5,28.0
303.6000061035156,139.89999389648438,0.0,213.5,6.199999809265138,895.5,722.5,28.0
374.2999877929688,0.0,0.0,190.1999969482422,6.699999809265138,1013.2000122070312,730.4000244140625,28.0
158.60000610351562,148.89999389648438,116.0,175.10000610351562,15.0,953.2999877929688,719.7000122070312,28.0
152.60000610351562,238.6999969482422,0.0,200.0,6.300000190734862,1001.7999877929688,683.9000244140625,28.0
310.0,142.8000030517578,0.0,167.89999389648438,10.0,914.2999877929688,804.0,28.0
304.79998779296875,0.0,99.5999984741211,196.0,9.800000190734863,959.4000244140624,705.2000122070312,28.0
150.89999389648438,0.0,183.8999938964844,166.60000610351562,11.600000381469727,991.2000122070312,772.2000122070312,28.0
141.89999389648438,166.60000610351562,129.69999694824222,173.5,10.899999618530273,882.5999755859375,785.2999877929688,28.0
297.79998779296875,137.19999694824222,106.9000015258789,201.3000030517578,6.0,878.4000244140625,655.2999877929688,28.0
321.29998779296875,164.1999969482422,0.0,190.5,4.599999904632568,870.0,774.0,28.0
366.0,187.0,0.0,191.3000030517578,6.5999999046325675,824.2999877929688,756.9000244140625,28.0
279.79998779296875,128.89999389648438,100.4000015258789,172.39999389648438,9.5,825.0999755859375,804.9000244140625,28.0
252.1000061035156,97.0999984741211,75.5999984741211,193.8000030517578,8.300000190734862,835.5,821.4000244140625,28.0
164.60000610351562,0.0,150.39999389648438,181.6000061035156,11.699999809265135,1023.2999877929688,728.9000244140625,28.0
155.60000610351562,243.5,0.0,180.3000030517578,10.699999809265137,1022.0,697.7000122070312,28.0
160.1999969482422,188.0,146.39999389648438,203.1999969482422,11.300000190734865,828.7000122070312,709.7000122070312,28.0
298.1000061035156,0.0,107.0,186.3999938964844,6.0999999046325675,879.0,815.2000122070312,28.0
317.8999938964844,0.0,126.5,209.6999969482422,5.699999809265138,860.5,736.5999755859375,28.0
287.29998779296875,120.5,93.9000015258789,187.6000061035156,9.199999809265137,904.4000244140624,695.9000244140625,28.0
325.6000061035156,166.39999389648438,0.0,174.0,8.899999618530273,881.5999755859375,790.0,28.0
355.8999938964844,0.0,141.60000610351562,193.3000030517578,11.0,801.4000244140625,778.4000244140625,28.0
132.0,206.5,160.89999389648438,178.89999389648438,5.5,866.9000244140625,735.5999755859375,28.0
322.5,148.60000610351562,0.0,185.8000030517578,8.5,951.0,709.5,28.0
164.1999969482422,0.0,200.1000061035156,181.1999969482422,12.600000381469727,849.2999877929688,846.0,28.0
313.79998779296875,0.0,112.5999984741211,169.89999389648438,10.100000381469727,925.2999877929688,782.9000244140625,28.0
321.3999938964844,0.0,127.9000015258789,182.5,11.5,870.0999755859375,779.7000122070312,28.0
139.69999694824222,163.89999389648438,127.6999969482422,236.6999969482422,5.800000190734862,868.5999755859375,655.5999755859375,28.0
288.3999938964844,121.0,0.0,177.39999389648438,7.0,907.9000244140624,829.5,28.0
298.20001220703125,0.0,107.0,209.6999969482422,11.100000381469727,879.5999755859375,744.2000122070312,28.0
264.5,111.0,86.5,195.5,5.9000000953674325,832.5999755859375,790.4000244140625,28.0
159.8000030517578,250.0,0.0,168.39999389648438,12.199999809265135,1049.300048828125,688.2000122070312,28.0
166.0,259.70001220703125,0.0,183.1999969482422,12.699999809265135,858.7999877929688,826.7999877929688,28.0
276.39999389648443,116.0,90.3000030517578,179.60000610351562,8.899999618530273,870.0999755859375,768.2999877929688,28.0
322.20001220703125,0.0,115.5999984741211,196.0,10.399999618530273,817.9000244140625,813.4000244140625,28.0
148.5,139.39999389648438,108.5999984741211,192.6999969482422,6.0999999046325675,892.4000244140625,780.0,28.0
159.10000610351562,186.6999969482422,0.0,175.60000610351562,11.300000190734865,989.5999755859376,788.9000244140625,28.0
260.89999389648443,100.5,78.30000305175781,200.6000061035156,8.600000381469728,864.5,761.5,28.0
